N,P,K,temperature,humidity,ph,rainfall,label,Cluster
102,45,99,30.19,52.41,8.61,235.89,watermelon,4
92,66,160,26.73,39.12,8.29,141.86,coffee,2
14,64,69,20.97,70.31,5.1,285.12,apple,3
106,129,53,41.78,71.23,4.97,150.92,watermelon,0
71,115,179,20.57,88.04,4.86,264.98,mango,1
20,18,56,24.86,79.27,5.54,247.03,orange,3
102,88,106,33.09,63.41,6.49,294.68,watermelon,1
121,134,186,28.09,72.29,6.13,279.43,pomegranate,1
74,74,192,20.83,41.92,4.81,271.47,watermelon,2
87,127,61,24.12,67.44,4.28,224.85,papaya,0
116,93,51,37.4,59.14,3.58,122.76,coffee,0
99,32,163,18.29,30.67,4.42,49.72,lentil,0
103,70,178,13.26,39.4,7.73,212.82,orange,2
130,9,30,19.59,43.34,4.96,294.02,mothbeans,0
52,49,118,39.43,93.94,6.31,223.45,blackgram,1
1,51,9,11.29,38.43,7.05,280.04,grapes,3
87,35,88,44.69,43.14,8.82,245.21,papaya,4
37,143,56,28.02,49.55,8.83,65.67,pigeonpeas,4
129,14,109,44.44,73.1,7.97,89.78,mothbeans,1
20,122,58,42.74,29.46,3.71,115.72,jute,0
57,18,165,24.75,96.32,6.95,67.11,coconut,1
21,84,182,15.34,89.25,8.22,182.86,kidneybeans,1
88,97,170,14.1,66.18,3.6,293.13,mungbean,2
48,14,159,16.88,73.92,6.8,233.21,kidneybeans,1
58,80,19,34.27,21.33,8.65,138.55,banana,4
14,98,65,18.1,47.12,6.34,21.26,mango,3
50,109,126,20.63,83.65,3.52,107.72,watermelon,3
107,5,25,24.6,26.2,3.57,167.49,grapes,0
54,137,50,41.79,42.59,6.0,110.79,pomegranate,0
63,24,201,15.01,66.82,4.43,51.09,papaya,3
130,12,138,8.19,40.51,7.49,143.97,apple,2
50,5,42,10.22,94.72,7.75,90.91,pigeonpeas,3
134,61,66,41.48,30.48,4.57,274.59,blackgram,0
20,68,90,31.96,83.79,8.83,48.49,watermelon,1
72,122,194,18.1,60.64,6.15,33.76,pigeonpeas,2
17,32,82,14.56,80.03,4.36,21.49,blackgram,3
131,125,50,18.89,44.86,8.09,111.86,mothbeans,4
88,111,145,12.25,61.16,8.24,204.91,apple,2
59,53,7,42.84,88.55,7.34,224.52,kidneybeans,4
13,124,10,37.02,57.35,8.62,146.91,mango,4
8,48,97,25.11,48.78,7.92,211.61,banana,2
89,60,12,40.0,62.89,8.79,120.78,chickpea,4
52,115,176,17.23,77.39,6.1,206.99,mango,2
129,138,112,34.53,55.49,7.99,31.37,pigeonpeas,4
83,112,165,39.68,95.11,9.5,129.41,mothbeans,1
91,118,79,21.2,43.6,7.85,241.44,coconut,4
110,82,81,36.03,58.04,4.19,244.84,papaya,0
7,134,54,18.92,80.55,6.61,220.52,apple,3
34,41,15,19.06,75.13,7.02,77.19,banana,3
80,24,99,11.96,89.09,4.55,89.22,pigeonpeas,3
49,30,160,24.28,99.74,9.28,298.9,lentil,1
103,33,74,35.0,54.15,4.55,48.95,chickpea,0
131,5,173,42.79,28.89,4.57,70.59,blackgram,0
1,123,20,30.34,22.43,8.99,56.41,mothbeans,4
133,39,72,39.94,78.15,6.29,111.74,kidneybeans,0
53,63,103,38.43,89.92,3.88,78.85,mango,3
105,73,52,14.41,37.66,7.09,159.35,mango,4
3,16,188,25.98,32.68,7.11,153.29,jute,2
53,24,68,12.33,24.98,3.89,272.42,apple,3
43,47,191,33.24,85.82,9.34,29.73,pomegranate,1
13,130,94,43.15,44.91,6.76,109.57,coffee,0
94,54,194,13.07,52.14,6.86,187.06,watermelon,2
47,33,80,35.15,60.22,6.62,189.34,grapes,4
14,43,143,31.39,87.16,7.16,154.44,lentil,1
39,42,105,29.59,72.07,5.09,248.39,mungbean,3
81,88,93,22.43,69.21,5.22,37.56,mango,3
110,132,22,21.14,34.05,6.57,248.34,pigeonpeas,4
52,130,23,9.67,61.06,8.34,158.53,papaya,4
23,49,59,16.06,77.23,3.8,57.45,kidneybeans,3
123,56,106,8.56,97.86,7.12,268.0,maize,1
40,84,122,29.51,36.11,8.34,201.78,chickpea,2
14,128,158,11.92,20.76,4.44,65.79,mango,2
44,123,138,40.3,26.02,3.59,29.42,chickpea,0
64,12,8,27.36,50.07,5.38,59.51,kidneybeans,3
88,89,112,33.89,85.64,7.03,190.46,mothbeans,1
70,133,119,23.2,20.57,4.33,70.2,mango,0
8,12,33,28.74,56.54,6.06,83.21,coconut,3
87,100,63,42.88,46.34,6.81,27.04,pomegranate,0
128,106,129,11.06,24.2,7.09,222.42,rice,2
135,9,102,17.4,56.02,5.15,246.9,orange,0
62,90,21,36.86,40.38,5.9,243.12,apple,4
138,38,111,11.65,48.15,8.17,55.72,lentil,4
80,59,47,10.8,76.45,9.15,272.92,jute,4
135,123,84,21.38,61.72,8.67,208.24,lentil,4
32,118,198,11.41,29.97,6.89,271.31,lentil,2
122,30,166,29.65,96.91,5.96,145.2,mango,1
4,140,12,16.37,70.87,5.5,142.35,lentil,3
40,51,145,41.14,81.27,4.25,239.67,muskmelon,1
27,117,110,36.99,26.34,4.14,46.12,maize,0
134,80,12,33.89,23.76,7.63,165.84,banana,4
71,76,100,30.83,21.56,5.06,254.19,banana,0
11,93,98,39.95,35.1,5.03,252.45,blackgram,0
32,50,69,16.25,53.15,9.49,287.72,mothbeans,4
47,37,175,40.31,94.87,4.63,215.52,jute,1
61,5,43,37.21,56.56,4.39,78.18,cotton,0
36,35,85,35.68,43.22,4.09,25.68,mungbean,0
98,57,191,28.77,64.95,6.98,154.24,chickpea,1
103,52,88,17.11,28.95,7.27,163.84,blackgram,4
34,73,92,23.67,68.76,5.69,87.27,papaya,3
100,109,90,37.36,65.47,6.71,54.92,orange,0
130,94,97,9.18,83.36,8.23,184.14,banana,1
0,67,90,36.94,98.94,8.41,233.99,maize,1
4,77,48,16.88,40.07,9.25,298.08,jute,4
102,93,141,13.34,60.77,8.45,232.32,coconut,2
26,17,169,12.28,92.71,6.89,242.22,mungbean,1
136,77,78,9.01,82.82,4.58,192.61,papaya,3
14,81,40,27.37,58.99,4.1,296.06,blackgram,3
89,72,105,16.08,95.63,3.83,199.19,watermelon,3
41,102,160,44.61,24.58,7.5,260.87,mungbean,2
123,129,174,29.25,94.48,8.35,284.82,jute,1
62,106,175,13.1,24.04,6.55,280.36,kidneybeans,2
95,136,174,33.48,63.78,3.83,126.8,orange,0
51,106,108,41.22,91.24,6.71,42.03,pigeonpeas,1
95,23,70,35.57,41.02,9.11,68.12,mango,4
131,86,59,10.83,57.78,7.09,36.58,lentil,4
28,145,204,41.15,45.95,8.36,49.51,cotton,2
35,27,180,37.38,96.17,8.3,71.7,grapes,1
12,87,95,13.86,85.89,9.09,115.51,papaya,3
70,113,26,9.92,76.72,8.12,172.19,cotton,3
85,79,105,28.62,67.01,7.99,219.27,lentil,1
27,133,159,13.77,85.65,4.9,79.06,kidneybeans,3
65,92,125,38.88,51.38,3.86,208.31,jute,0
44,58,97,21.26,55.8,6.61,217.19,blackgram,3
61,93,199,41.78,78.4,4.25,176.41,rice,1
133,69,112,28.93,48.62,9.27,273.01,orange,4
27,80,145,14.76,25.11,5.24,51.08,lentil,2
27,64,177,13.17,25.95,8.62,69.59,cotton,2
107,97,14,29.33,29.23,5.83,140.03,grapes,0
43,53,13,36.19,89.57,5.44,55.48,maize,3
83,39,186,36.92,57.78,9.11,178.56,grapes,1
29,106,159,18.2,77.03,5.68,131.55,lentil,3
74,15,38,15.56,51.43,5.84,99.69,cotton,3
127,103,133,8.62,40.7,4.14,67.6,mothbeans,0
91,114,164,33.13,47.78,7.52,113.89,rice,2
128,78,93,10.83,83.53,5.23,190.23,pigeonpeas,3
120,13,97,23.57,70.02,7.01,181.22,chickpea,1
26,7,75,30.26,95.01,7.05,65.81,kidneybeans,3
120,89,71,42.67,74.38,7.82,54.98,rice,4
115,30,152,19.54,65.61,7.97,27.47,watermelon,1
2,76,121,17.24,68.82,6.59,23.48,lentil,3
102,52,98,32.2,95.39,5.49,266.35,kidneybeans,1
136,121,167,30.91,83.06,8.52,32.62,papaya,1
61,16,103,20.29,21.92,5.36,224.74,watermelon,0
50,137,117,42.34,62.73,6.55,264.16,kidneybeans,1
58,52,107,39.26,75.07,5.91,47.46,pomegranate,0
117,41,95,16.29,79.9,8.63,142.16,chickpea,1
95,48,94,16.85,37.05,6.09,289.44,mungbean,2
112,19,21,26.96,89.37,5.82,253.56,pomegranate,3
61,47,22,36.62,96.47,7.64,157.12,grapes,4
51,91,177,9.63,38.94,7.11,233.52,kidneybeans,2
11,74,120,33.65,90.61,4.14,253.35,papaya,3
38,50,97,31.98,27.76,6.55,117.45,banana,4
129,112,185,16.56,24.46,7.91,269.8,kidneybeans,2
130,127,95,33.21,30.34,9.45,151.73,watermelon,4
112,25,86,42.79,24.62,7.27,167.79,papaya,4
100,111,72,9.73,87.6,5.72,299.92,blackgram,3
112,84,197,19.83,24.72,4.86,256.12,pomegranate,2
80,51,118,24.21,41.73,8.74,121.3,pigeonpeas,4
112,121,5,41.27,28.3,8.39,22.9,mungbean,4
1,128,62,43.6,43.63,4.9,195.33,mango,0
129,29,158,24.43,27.24,4.7,217.1,chickpea,0
53,40,113,35.75,73.44,7.79,202.22,kidneybeans,1
86,55,152,27.67,30.67,5.39,291.0,pomegranate,0
128,19,120,27.9,88.15,5.34,261.63,kidneybeans,1
125,72,91,18.29,85.38,4.41,145.67,muskmelon,3
129,25,14,16.03,21.09,5.08,37.6,pomegranate,0
52,145,63,18.66,91.66,6.07,153.3,jute,3
67,23,45,28.58,22.32,7.9,212.99,coffee,4
122,38,109,9.08,39.17,5.52,190.16,apple,0
37,82,137,41.57,22.59,5.47,170.68,muskmelon,0
23,129,126,13.78,46.87,5.21,151.27,coconut,2
68,121,197,16.14,61.11,6.37,102.25,cotton,2
115,56,149,27.18,83.73,4.58,97.66,coconut,1
97,31,26,34.27,47.04,6.41,160.06,papaya,4
138,39,102,11.54,76.44,7.73,64.97,mango,1
96,140,173,19.75,35.0,3.68,115.39,apple,0
123,110,72,43.84,80.05,3.56,110.71,rice,0
69,6,201,17.71,38.88,3.95,184.4,apple,2
92,81,143,19.58,31.48,6.71,38.67,maize,2
2,136,60,38.95,34.83,8.63,252.31,muskmelon,4
89,94,183,9.86,34.57,3.53,177.47,mungbean,2
95,93,153,25.19,61.03,9.12,207.83,rice,1
51,98,103,22.05,87.58,4.14,216.87,pigeonpeas,3
127,11,80,19.71,26.37,8.55,101.62,pomegranate,4
38,99,30,18.57,76.56,6.4,151.7,coffee,3
81,112,119,11.38,72.35,7.46,287.75,jute,2
103,78,151,19.65,89.8,6.56,234.68,kidneybeans,1
128,43,113,9.59,39.53,6.36,291.48,watermelon,2
10,145,192,36.9,56.01,8.51,228.95,grapes,2
41,75,203,22.73,94.07,8.04,69.17,rice,1
98,60,51,24.42,72.8,6.4,38.07,apple,3
6,46,75,41.06,51.1,4.17,181.75,lentil,0
89,40,158,32.35,30.51,4.19,120.19,coffee,0
111,88,44,8.3,41.0,8.31,97.13,apple,4
59,122,137,42.9,66.5,6.68,246.02,coconut,1
112,11,153,16.77,77.45,6.39,122.76,muskmelon,1
1,58,136,11.98,29.95,7.58,108.76,watermelon,2
128,133,27,36.42,67.97,8.65,258.0,cotton,4
47,124,110,26.52,64.03,7.27,256.96,pomegranate,2
139,110,88,24.05,61.12,8.08,119.78,jute,4
36,51,147,17.23,75.21,8.09,253.1,mango,1
8,127,120,28.26,87.0,5.64,258.22,rice,3
98,145,113,18.15,45.84,5.14,138.7,jute,0
47,123,140,41.36,91.12,8.31,38.61,orange,1
130,122,45,15.96,32.85,5.76,20.44,lentil,0
53,25,116,40.72,33.84,8.92,166.52,coconut,4
119,141,151,28.7,41.34,3.92,116.34,papaya,0
115,30,116,38.65,29.56,3.85,299.2,mungbean,0
74,13,107,34.38,38.43,9.06,236.28,lentil,4
112,19,50,33.78,28.51,7.39,233.16,coffee,4
103,14,160,20.0,85.74,5.78,287.47,jute,1
83,126,72,16.65,31.12,8.03,268.56,mango,2
111,125,126,15.8,79.78,7.53,109.09,mungbean,1
98,129,19,39.72,23.83,6.69,66.48,watermelon,4
92,76,169,38.36,95.88,4.09,228.85,muskmelon,1
127,53,133,24.3,76.89,8.37,125.92,muskmelon,1
109,95,199,12.9,20.54,8.7,152.49,mothbeans,2
81,41,115,22.14,81.11,4.53,196.51,jute,3
53,72,28,30.92,61.13,8.6,274.2,watermelon,4
67,54,31,24.81,82.35,8.77,137.34,maize,4
32,23,44,36.87,61.8,6.8,239.33,blackgram,4
20,104,195,44.91,71.28,7.44,95.14,grapes,1
47,64,193,15.07,82.91,5.79,215.43,mothbeans,1
127,93,168,25.01,52.41,5.19,20.44,pigeonpeas,0
135,73,28,23.95,20.22,7.83,264.02,pigeonpeas,4
134,53,28,19.27,88.0,8.67,28.51,rice,4
127,112,8,15.33,50.47,7.42,219.57,lentil,4
32,123,71,10.43,59.68,6.57,32.95,mothbeans,3
114,41,38,40.82,20.62,4.45,94.55,cotton,0
118,15,189,23.53,59.37,3.82,159.22,mungbean,0
21,142,181,26.39,98.92,6.17,137.58,lentil,1
37,82,185,41.93,42.26,3.8,73.71,pigeonpeas,0
108,81,120,36.72,51.63,6.92,113.47,watermelon,0
50,6,27,12.83,74.98,5.8,223.76,pigeonpeas,3
7,68,113,28.92,85.18,8.04,207.39,blackgram,1
26,39,73,24.36,53.39,5.33,40.11,mungbean,3
26,11,99,37.5,44.77,7.06,229.25,grapes,4
20,89,185,34.8,95.03,6.73,34.85,grapes,1
29,71,66,33.55,74.17,3.53,172.02,blackgram,3
96,46,173,20.6,29.52,3.93,92.82,banana,0
27,122,61,37.78,25.51,5.24,184.55,papaya,0
110,129,192,9.94,58.68,8.79,93.17,coconut,2
60,28,58,13.91,37.61,4.38,295.79,mothbeans,3
47,50,74,20.42,40.32,7.77,106.72,coffee,4
3,23,105,10.84,90.22,9.34,87.75,maize,3
34,72,61,16.69,27.17,8.24,97.97,grapes,4
48,106,142,38.72,77.23,4.96,271.01,banana,1
16,46,172,43.09,41.69,8.95,198.14,rice,2
45,36,139,19.27,80.83,4.06,224.59,maize,3
116,113,107,17.79,77.79,6.31,277.04,orange,1
5,40,170,18.36,20.59,8.83,275.32,blackgram,2
98,101,89,18.28,60.73,7.35,226.9,maize,4
123,135,65,9.33,31.15,5.98,75.39,mothbeans,0
36,77,7,42.3,89.3,5.26,256.14,coffee,3
23,140,132,15.91,89.73,5.75,77.06,pigeonpeas,3
92,101,183,23.54,53.47,6.55,228.01,apple,2
45,127,90,8.36,55.55,5.41,211.97,blackgram,3
94,74,51,39.74,44.26,9.31,232.49,coconut,4
98,17,200,35.05,77.33,9.1,169.15,apple,1
115,53,80,43.03,48.69,8.72,198.84,grapes,4
66,64,42,36.92,41.42,6.03,286.93,cotton,4
127,134,168,19.61,54.58,7.65,48.3,mungbean,2
17,9,173,17.17,27.32,8.92,106.48,apple,2
24,31,201,33.82,79.73,8.6,191.18,apple,1
53,12,145,21.47,21.01,5.99,289.94,mango,2
57,54,91,28.95,71.56,4.17,46.76,watermelon,3
66,71,62,8.23,34.63,3.95,26.31,papaya,3
103,48,54,10.29,38.59,6.96,35.61,papaya,4
23,129,34,27.81,70.85,7.36,34.67,apple,3
113,62,194,28.94,99.44,8.6,274.19,cotton,1
31,7,105,35.8,82.22,5.26,221.95,apple,3
85,90,29,12.88,38.07,4.5,209.59,grapes,3
126,74,116,26.99,34.08,5.77,166.32,lentil,0
129,134,159,15.19,89.3,5.62,238.95,lentil,1
16,6,183,11.45,55.53,4.29,63.58,grapes,3
103,106,189,23.19,30.96,7.53,129.74,kidneybeans,2
136,39,130,14.04,88.98,6.55,157.2,lentil,1
42,102,127,16.21,85.29,7.83,50.91,muskmelon,1
38,34,51,19.75,98.71,5.62,137.46,watermelon,3
25,120,122,17.6,92.78,5.45,108.62,coconut,3
98,12,43,11.24,88.14,6.34,29.96,mango,3
49,48,20,11.33,24.21,8.76,58.29,jute,4
12,40,26,15.15,28.35,3.74,233.93,mothbeans,3
59,81,58,9.87,65.52,8.33,25.05,chickpea,3
134,35,153,31.18,62.52,5.71,281.59,coffee,1
56,51,204,18.63,56.64,8.63,44.2,cotton,2
35,59,20,18.35,51.74,8.31,243.79,apple,4
19,110,63,20.28,54.5,5.59,271.61,cotton,3
64,125,35,32.52,65.54,7.66,283.52,orange,4
7,59,174,40.21,20.17,4.46,262.89,apple,0
114,16,36,36.09,40.86,8.88,100.51,mothbeans,4
91,144,191,34.92,61.46,5.93,113.26,blackgram,0
97,140,166,25.92,77.78,6.23,139.43,coconut,1
65,7,13,33.67,33.93,7.73,59.0,maize,4
31,34,143,28.45,63.75,8.43,26.24,watermelon,1
85,27,14,16.0,77.16,4.92,263.35,coffee,3
50,96,21,15.72,55.57,7.47,175.16,mango,4
62,119,72,18.97,22.17,5.85,190.44,orange,2
124,108,52,41.7,55.94,5.71,279.56,muskmelon,0
57,122,184,28.25,43.72,7.64,206.23,papaya,2
57,9,115,35.15,94.37,5.82,213.44,apple,1
85,108,157,20.82,29.97,5.58,240.35,grapes,2
48,112,127,23.09,72.2,8.52,52.58,jute,2
69,69,153,12.65,24.22,4.11,120.85,orange,2
14,125,105,14.34,55.69,7.56,291.1,blackgram,2
53,34,106,38.61,64.32,4.99,278.42,rice,0
100,88,69,29.64,43.84,3.59,267.54,chickpea,0
7,36,195,20.49,56.41,4.5,146.58,apple,2
52,20,55,37.71,33.08,7.14,260.01,maize,4
59,42,40,17.12,44.33,7.75,33.55,muskmelon,4
107,40,85,44.11,69.69,3.63,61.58,rice,0
4,118,131,20.76,44.14,3.72,135.91,lentil,3
102,70,92,20.48,91.98,8.92,155.35,apple,1
5,109,198,19.54,70.27,3.94,93.78,kidneybeans,3
108,89,108,12.52,55.09,8.87,119.81,mango,2
115,6,19,12.11,23.1,4.87,65.58,rice,0
93,79,100,31.98,59.96,7.94,156.96,rice,4
46,71,171,40.38,81.18,5.36,242.28,mungbean,1
98,59,127,37.25,41.24,8.65,205.18,papaya,4
54,10,202,13.22,84.54,7.7,50.18,muskmelon,1
51,90,5,28.19,40.14,5.91,156.52,grapes,4
12,64,155,11.91,85.9,3.96,215.34,apple,3
113,105,126,9.68,26.82,7.9,168.37,mungbean,2
123,16,171,32.29,89.29,7.2,129.67,apple,1
105,53,130,27.8,59.93,3.52,194.14,grapes,0
119,46,61,11.03,43.72,3.56,291.22,watermelon,0
62,86,85,9.29,41.21,8.35,46.57,orange,2
18,39,166,44.62,54.56,5.06,129.2,mango,0
91,138,173,9.11,99.92,7.32,133.85,cotton,1
57,71,77,24.45,37.63,6.23,181.55,grapes,4
89,84,145,26.67,28.26,8.68,62.61,cotton,2
116,11,74,12.34,66.8,9.0,69.46,muskmelon,4
61,18,10,14.26,59.08,9.48,99.9,jute,4
22,77,88,21.02,61.94,4.42,287.64,kidneybeans,3
126,70,56,36.18,73.35,8.68,225.55,coffee,4
136,95,7,26.76,41.37,5.1,205.27,maize,0
139,134,85,31.6,92.85,7.04,248.75,papaya,1
128,24,67,44.45,54.85,6.53,55.72,maize,0
57,14,53,36.42,30.33,3.61,260.61,muskmelon,0
121,29,80,24.07,79.38,9.1,186.55,coconut,4
0,29,116,24.52,71.45,3.97,113.89,muskmelon,3
33,58,179,30.89,45.26,7.63,248.44,cotton,2
95,37,113,32.62,69.72,8.21,244.72,pomegranate,1
125,99,187,26.53,37.59,8.27,256.8,cotton,2
117,18,196,31.86,55.59,4.31,52.35,banana,0
47,69,69,8.87,91.95,6.19,291.42,pomegranate,3
88,114,85,23.9,30.68,8.48,288.7,pigeonpeas,4
116,84,199,18.32,50.94,5.32,120.09,lentil,2
128,58,19,12.78,85.69,6.31,38.45,cotton,3
15,129,104,11.68,97.56,5.14,66.78,coconut,3
68,135,36,30.32,56.31,6.28,297.99,grapes,4
21,138,100,27.37,60.56,8.83,177.64,papaya,2
92,29,132,17.38,65.77,6.23,119.85,orange,1
75,145,200,25.43,94.59,6.84,100.7,mothbeans,1
85,121,150,26.21,88.66,5.92,91.96,pomegranate,1
28,140,117,15.22,33.65,6.26,205.96,maize,2
68,29,87,32.13,54.94,3.59,137.43,mothbeans,0
46,83,47,36.89,57.12,5.2,290.31,jute,0
93,72,120,37.28,83.13,6.12,211.48,grapes,1
84,16,167,30.29,68.23,7.3,241.77,papaya,1
38,36,82,26.93,72.34,6.2,101.97,mungbean,3
99,132,62,10.26,99.86,5.53,42.17,maize,3
32,100,37,18.65,26.0,5.83,156.59,watermelon,3
100,96,18,11.45,37.84,4.95,108.08,pigeonpeas,3
22,145,166,43.66,52.63,9.05,76.58,papaya,2
9,35,193,13.0,47.82,6.63,286.74,banana,2
68,82,136,13.62,21.73,3.58,144.32,pomegranate,0
99,24,63,40.91,27.34,3.62,68.92,banana,0
33,64,161,42.93,74.48,9.34,75.62,maize,1
137,138,87,36.34,90.35,4.83,98.6,muskmelon,0
95,97,138,8.2,61.14,8.33,299.81,mungbean,2
0,47,125,8.05,63.14,3.85,95.04,lentil,3
68,134,181,21.99,40.41,9.03,112.06,pigeonpeas,2
3,64,172,13.31,81.43,8.75,204.61,mungbean,2
15,35,87,8.68,80.14,6.93,102.31,cotton,3
23,9,197,25.17,67.07,3.55,80.43,maize,3
79,14,201,42.89,37.01,5.05,64.42,chickpea,0
1,93,31,19.98,27.76,5.94,107.55,maize,3
127,134,84,32.46,25.14,6.26,49.66,jute,0
83,130,138,32.13,67.42,5.29,25.22,coffee,0
139,15,17,17.29,86.0,3.7,245.3,coconut,3
123,60,68,32.07,88.67,7.04,58.61,kidneybeans,1
32,87,194,15.86,57.09,6.64,237.27,cotton,2
100,141,151,12.51,82.74,5.2,243.31,mungbean,1
11,103,84,33.95,95.75,3.73,170.62,coffee,3
66,77,127,12.2,42.01,9.47,106.71,mungbean,2
64,119,47,44.89,51.84,6.39,60.61,orange,0
73,11,93,14.79,94.52,8.04,226.31,coconut,1
42,84,152,29.98,47.06,6.21,188.39,coffee,2
43,101,99,23.22,93.11,3.76,203.53,apple,3
28,8,200,12.68,98.48,5.36,22.43,chickpea,3
140,8,176,9.03,72.94,5.42,279.7,muskmelon,1
11,107,155,31.04,85.35,8.53,38.56,watermelon,1
94,44,6,37.85,79.96,7.43,122.71,muskmelon,4
45,21,124,39.15,75.96,5.15,132.76,watermelon,1
129,105,26,25.86,44.55,9.31,20.38,mungbean,4
34,107,119,36.77,24.57,5.43,159.19,chickpea,0
80,128,61,32.9,47.44,9.49,230.79,orange,4
89,56,76,34.8,73.35,9.48,250.52,pomegranate,4
7,56,11,26.23,28.2,4.65,266.23,muskmelon,3
92,128,188,31.44,20.95,5.38,156.56,mothbeans,0
89,67,123,37.8,31.18,6.42,196.58,orange,0
114,120,199,22.72,77.26,7.48,42.27,orange,1
104,66,118,37.82,97.82,6.67,156.65,watermelon,1
134,11,20,29.9,98.65,9.32,63.35,papaya,4
57,96,87,14.14,59.52,7.84,123.5,pigeonpeas,2
113,18,183,8.91,89.55,4.77,112.21,blackgram,1
74,90,76,21.42,78.95,4.13,138.59,mungbean,3
119,137,128,28.23,60.08,7.63,180.06,kidneybeans,1
20,134,117,39.07,65.82,4.45,272.81,papaya,0
137,66,16,12.72,30.98,8.23,130.46,pigeonpeas,4
100,83,130,37.61,95.01,5.37,294.72,apple,1
98,142,57,39.93,48.15,5.46,232.53,watermelon,0
35,62,79,13.58,55.69,3.56,163.21,coconut,3
95,124,137,39.51,73.73,7.71,200.33,watermelon,1
36,137,31,44.68,46.71,4.18,48.62,lentil,0
11,69,144,34.89,40.34,8.14,256.47,mothbeans,2
112,17,149,37.04,70.48,6.45,183.06,orange,1
12,86,138,44.79,22.0,8.21,296.1,coconut,2
22,143,101,30.4,77.66,7.0,198.2,mango,1
98,56,9,19.39,61.12,3.99,253.55,kidneybeans,3
104,121,61,38.99,68.46,8.09,243.93,apple,4
29,30,160,30.74,70.55,3.92,116.73,banana,3
16,38,82,29.5,62.16,6.37,92.69,coffee,3
112,56,73,17.38,66.6,4.53,140.54,kidneybeans,3
61,116,122,35.98,74.7,8.01,150.83,orange,1
83,86,124,11.02,80.25,8.97,87.22,blackgram,1
111,46,63,42.2,78.2,6.82,270.49,watermelon,1
85,25,37,20.06,89.57,6.66,171.91,maize,3
140,46,66,12.73,35.16,8.08,293.96,banana,4
18,145,54,24.37,52.09,3.53,246.8,banana,3
99,117,116,9.57,95.82,9.01,175.6,coffee,1
139,109,23,33.33,51.73,4.68,285.17,mothbeans,0
75,21,201,41.4,29.99,9.4,161.36,jute,2
8,124,127,38.98,62.04,7.92,268.39,jute,2
27,141,198,12.71,28.76,8.15,120.28,watermelon,2
127,133,51,12.67,36.23,7.44,126.02,pomegranate,4
51,134,171,38.1,99.87,6.33,137.08,blackgram,1
82,64,200,42.2,63.31,6.93,173.06,mungbean,1
110,52,37,25.04,42.72,3.78,174.98,blackgram,0
116,33,145,26.46,99.58,7.24,158.99,blackgram,1
68,101,88,19.78,97.32,7.26,105.68,maize,1
98,14,186,41.09,55.26,8.85,279.62,apple,1
139,62,139,31.86,40.83,6.53,184.8,lentil,0
24,25,83,18.67,87.07,3.96,134.17,grapes,3
122,32,18,19.05,77.25,5.34,202.33,mango,3
52,38,151,40.97,74.96,7.43,235.03,coffee,1
56,12,132,8.5,91.45,4.94,289.0,orange,3
38,83,58,19.94,75.15,5.18,159.87,maize,3
108,91,152,28.51,42.7,8.42,51.39,grapes,2
41,92,33,13.48,75.51,7.01,143.41,rice,3
121,73,28,11.41,44.47,6.55,154.11,coconut,4
132,91,86,38.17,80.74,5.41,271.16,banana,0
74,105,67,41.09,69.58,7.89,130.54,pigeonpeas,4
75,12,109,38.47,26.19,5.23,286.93,rice,0
8,81,61,41.26,61.03,7.92,155.84,cotton,4
73,91,140,28.47,47.46,3.92,292.66,grapes,0
6,47,66,38.05,46.29,8.69,22.3,blackgram,4
140,133,161,22.21,68.18,6.5,271.67,mothbeans,1
136,113,21,32.65,45.79,6.13,280.71,orange,4
26,21,70,44.59,82.15,7.17,289.09,mango,1
121,137,10,16.35,25.66,7.25,23.66,rice,4
4,25,62,22.43,72.83,4.29,68.08,chickpea,3
28,62,73,25.76,84.74,8.04,203.05,watermelon,3
82,114,160,13.11,73.83,5.16,27.13,blackgram,3
135,143,66,11.0,59.78,8.93,37.81,banana,4
108,139,173,38.7,96.02,8.41,81.9,watermelon,1
64,32,201,44.14,44.0,5.58,163.48,blackgram,0
85,55,86,22.97,21.53,8.35,172.85,chickpea,4
70,9,173,11.24,54.56,5.64,29.59,mungbean,3
44,9,181,10.44,22.64,4.11,67.7,coconut,2
131,98,181,40.98,96.31,9.27,159.92,kidneybeans,1
35,100,75,25.16,36.79,7.42,186.3,apple,4
69,12,135,19.84,83.11,6.24,61.55,grapes,3
18,68,14,25.63,81.97,5.89,131.68,cotton,3
107,142,102,19.78,37.42,5.45,273.23,coconut,0
90,42,93,26.09,69.7,9.39,299.69,pigeonpeas,4
89,115,39,39.8,23.85,4.31,296.42,pigeonpeas,0
18,116,6,29.92,58.69,5.39,266.87,cotton,3
38,85,128,33.7,21.17,6.41,130.5,kidneybeans,2
125,140,28,21.49,93.69,6.37,212.24,maize,1
140,108,78,35.32,98.09,6.33,136.65,grapes,1
125,77,170,32.66,37.78,4.55,201.59,apple,0
57,53,26,12.42,36.65,4.37,106.64,coffee,3
60,40,158,29.19,80.3,5.03,189.74,maize,1
126,130,175,17.5,40.27,8.99,166.65,coconut,2
104,72,187,37.75,91.61,4.18,26.85,orange,1
0,82,43,23.76,65.91,8.04,241.4,pigeonpeas,3
130,109,161,44.8,48.06,8.05,23.33,papaya,0
91,126,24,11.42,86.62,8.36,102.08,jute,4
112,123,45,36.87,59.47,8.82,21.66,papaya,4
55,118,186,32.93,92.93,5.08,125.34,blackgram,1
116,14,152,36.4,94.24,4.85,37.68,muskmelon,1
133,144,112,19.38,33.23,6.29,275.78,grapes,2
57,95,151,26.21,20.19,5.09,136.39,grapes,2
43,6,88,37.47,98.71,7.91,148.66,apple,1
60,122,115,16.6,92.49,7.32,117.96,coffee,1
46,17,70,16.36,24.44,8.75,195.7,cotton,4
79,99,162,28.39,86.64,4.0,239.63,grapes,1
117,36,57,27.37,56.62,8.99,201.48,cotton,4
19,36,38,18.44,40.72,5.26,229.5,maize,3
46,128,154,19.03,90.3,6.44,273.67,chickpea,1
48,15,71,18.28,35.73,6.13,261.79,muskmelon,3
13,14,138,36.55,95.78,8.06,208.74,coconut,1
0,19,31,32.12,36.45,6.02,80.1,grapes,3
116,21,14,38.8,69.09,9.16,198.56,pigeonpeas,4
53,63,77,44.09,37.85,8.92,161.7,coffee,4
117,82,100,25.54,63.65,8.73,220.82,mothbeans,4
2,128,52,10.47,74.72,3.93,253.22,watermelon,3
11,118,74,9.78,35.22,8.63,227.96,kidneybeans,2
73,26,191,18.94,61.67,8.19,257.04,coffee,1
15,36,104,42.5,57.52,4.12,37.88,coconut,0
101,117,63,27.36,25.68,4.14,28.85,mungbean,0
116,124,6,18.06,85.46,4.11,92.38,kidneybeans,3
7,126,161,22.77,46.85,3.57,272.19,maize,2
121,36,200,30.15,65.97,6.79,250.62,mungbean,1
91,123,69,32.16,61.18,9.34,211.16,chickpea,4
89,43,87,13.7,61.06,6.13,216.21,muskmelon,3
135,16,158,44.15,28.58,6.74,223.47,rice,0
59,22,14,28.16,53.88,9.31,283.93,maize,4
27,145,57,13.02,56.19,5.03,253.01,pomegranate,3
100,130,83,41.06,78.69,8.65,194.55,apple,4
40,140,63,10.76,87.2,6.78,206.4,muskmelon,3
140,50,154,41.59,63.6,6.92,79.85,muskmelon,0
45,108,183,44.87,26.94,5.56,204.05,watermelon,0
34,139,52,33.92,38.95,6.87,138.91,coffee,4
133,90,153,36.51,33.19,3.94,62.83,watermelon,0
81,93,127,20.48,29.97,8.09,245.79,mothbeans,2
114,26,26,42.84,49.27,5.21,162.87,watermelon,0
46,96,104,27.6,38.35,8.83,293.68,orange,2
9,33,102,35.1,37.46,5.71,98.87,papaya,0
55,17,162,42.19,24.38,4.36,154.59,cotton,0
29,6,29,44.08,21.41,7.68,145.44,coconut,4
108,33,32,38.83,28.22,4.49,53.82,orange,0
4,31,197,19.21,33.78,8.02,139.31,apple,2
118,54,117,43.76,54.48,9.31,100.51,blackgram,4
32,99,49,31.24,60.84,8.18,64.89,mungbean,4
117,92,72,42.43,31.25,3.63,99.0,cotton,0
64,48,11,33.02,53.98,7.1,85.31,mango,4
10,26,53,19.37,47.34,7.67,225.54,lentil,3
84,101,141,21.69,34.67,8.45,28.62,watermelon,2
25,7,168,28.37,20.55,3.84,192.89,cotton,0
62,122,87,37.23,57.36,6.38,232.99,rice,0
85,23,133,19.77,74.85,6.71,154.6,pomegranate,1
58,27,142,29.45,38.1,4.51,280.84,orange,0
26,34,168,20.79,30.54,5.43,218.21,orange,2
97,43,77,38.18,90.96,6.14,229.42,orange,1
104,112,50,25.27,42.0,8.5,75.14,kidneybeans,4
98,115,110,10.84,37.89,9.08,237.64,orange,2
128,29,164,14.14,88.57,7.27,252.99,papaya,1
54,132,36,10.26,85.37,5.87,121.15,cotton,3
5,115,10,26.47,55.87,5.02,79.74,maize,3
94,140,180,11.93,59.14,9.39,127.81,blackgram,2
132,110,170,12.22,37.42,9.4,227.09,grapes,2
101,76,149,42.82,26.26,9.05,136.94,coffee,4
2,133,78,40.29,65.87,8.21,226.26,cotton,4
22,112,118,24.73,27.87,5.45,51.8,coffee,2
52,9,31,44.47,55.94,8.4,245.68,muskmelon,4
82,7,58,8.01,95.24,5.95,90.9,cotton,3
84,136,182,30.72,96.23,5.46,89.7,lentil,1
77,108,167,30.81,39.15,7.97,185.31,chickpea,2
109,68,89,24.93,69.93,3.98,39.63,chickpea,0
0,110,131,22.69,57.93,3.79,27.36,maize,3
50,102,157,24.85,90.05,6.19,93.09,rice,1
3,14,160,23.35,41.71,6.17,170.66,watermelon,2
112,132,115,35.03,20.3,8.87,274.13,orange,4
31,50,19,13.01,33.0,4.26,257.0,grapes,3
33,70,136,15.31,47.96,4.24,157.33,coconut,3
91,116,97,14.68,45.26,4.38,30.37,muskmelon,0
94,17,127,17.71,83.31,3.68,169.87,watermelon,3
71,141,77,27.43,74.44,3.93,217.34,maize,0
38,90,159,12.11,43.96,7.46,114.97,mungbean,2
117,94,158,40.12,56.62,6.09,51.1,orange,0
2,62,151,19.0,27.64,8.08,98.0,papaya,2
122,58,96,14.01,91.85,9.46,236.04,mothbeans,1
49,16,21,33.0,94.83,7.45,118.35,jute,3
11,18,47,9.41,98.38,3.8,247.35,blackgram,3
53,125,125,30.94,89.48,4.13,109.47,maize,3
132,125,45,33.83,33.92,8.79,65.8,rice,4
56,24,174,15.95,23.7,6.66,142.04,apple,2
111,79,182,9.55,66.37,8.45,146.64,mungbean,2
46,74,172,21.45,93.01,8.64,24.51,coffee,1
84,60,43,11.65,34.19,9.07,52.77,banana,4
65,105,117,12.31,20.56,9.2,71.78,muskmelon,2
74,136,155,17.41,84.44,6.83,51.8,grapes,1
102,115,115,18.93,26.14,5.55,115.63,maize,0
37,129,184,27.61,53.1,9.27,290.09,watermelon,2
49,136,51,33.1,74.31,6.78,162.58,mothbeans,4
97,24,67,29.93,38.94,3.89,195.72,lentil,0
81,142,114,13.49,26.72,7.36,119.79,mungbean,2
29,28,73,14.37,81.6,7.03,110.58,papaya,3
78,41,47,40.51,70.41,8.87,26.48,lentil,4
90,58,180,28.66,99.08,7.42,160.09,kidneybeans,1
51,107,38,40.19,47.54,5.59,155.41,lentil,0
78,42,44,21.75,24.94,9.3,64.19,kidneybeans,4
29,8,65,30.73,78.75,8.31,234.01,mango,4
105,61,182,27.38,61.74,7.28,157.95,kidneybeans,1
50,24,199,19.81,37.06,5.26,114.92,cotton,2
80,21,66,25.39,82.54,5.74,61.13,watermelon,3
132,123,62,26.59,36.3,7.52,174.61,mungbean,4
28,75,165,15.43,40.85,3.93,230.79,grapes,2
131,8,79,19.66,27.4,5.04,98.96,coffee,0
137,18,20,37.28,51.95,7.78,81.26,blackgram,4
73,7,86,41.88,53.51,6.38,166.14,pigeonpeas,0
16,84,98,21.31,61.16,5.91,63.5,mango,3
83,59,52,19.36,76.72,4.41,206.65,grapes,3
68,136,142,15.22,92.49,6.15,189.5,cotton,1
33,124,86,33.1,31.02,8.12,44.38,watermelon,4
5,28,42,19.95,24.35,5.08,30.23,papaya,3
52,86,131,44.55,21.48,3.53,193.68,cotton,0
125,64,23,20.05,31.49,7.51,102.4,kidneybeans,4
42,53,168,22.58,72.64,9.34,44.2,jute,1
114,67,191,30.32,78.2,7.14,232.64,papaya,1
110,114,67,37.66,82.92,4.22,107.93,mungbean,0
79,113,81,25.37,39.5,5.42,148.69,muskmelon,0
94,80,178,23.64,44.47,8.71,86.31,jute,2
117,34,135,44.84,58.65,4.9,195.65,mothbeans,0
7,62,106,8.39,25.05,7.15,104.42,apple,2
131,121,69,41.12,68.89,5.92,291.05,cotton,0
103,104,124,13.52,98.7,4.75,216.83,blackgram,1
131,23,95,37.08,48.86,8.38,58.28,jute,4
24,98,12,30.86,80.23,7.96,136.67,apple,4
95,117,183,20.65,60.0,7.47,127.92,coffee,2
92,67,77,40.33,30.22,4.92,169.59,apple,0
60,120,138,8.48,66.58,4.09,255.74,chickpea,3
121,117,111,16.39,43.99,6.96,183.36,orange,2
50,51,93,28.98,22.75,6.82,37.24,lentil,4
20,61,43,21.01,70.79,4.63,203.52,chickpea,3
4,122,117,30.58,88.71,3.84,22.31,cotton,3
91,49,192,8.89,47.58,3.98,238.39,mungbean,2
60,8,32,12.31,51.22,9.46,206.66,papaya,4
21,51,101,12.7,91.28,8.2,106.46,mango,3
69,51,186,15.0,85.09,9.03,101.88,coconut,1
0,82,41,25.0,77.2,4.67,243.52,apple,3
132,128,141,35.83,39.9,9.26,239.33,coffee,4
11,79,86,41.5,92.82,4.36,118.64,orange,3
89,107,60,38.91,32.35,6.55,103.71,cotton,0
45,141,191,15.28,70.14,8.48,176.75,muskmelon,2
33,94,89,24.32,22.3,5.6,22.34,rice,0
77,73,6,15.38,71.5,6.05,43.15,maize,3
44,65,193,17.79,42.17,4.27,55.33,blackgram,2
72,142,62,26.63,55.97,4.24,71.92,coffee,0
25,54,111,10.52,47.62,7.22,163.37,maize,2
46,7,127,16.07,33.82,7.55,297.83,coconut,2
120,111,192,42.61,69.76,8.16,202.73,lentil,1
55,117,172,25.25,90.56,6.84,37.16,lentil,1
93,98,168,24.48,96.73,7.37,167.16,grapes,1
106,122,118,8.54,35.39,3.58,159.06,mothbeans,0
62,85,111,17.15,77.39,4.47,60.37,muskmelon,3
47,113,41,40.05,73.15,9.41,277.68,coconut,4
60,55,83,14.09,47.47,3.96,143.41,jute,3
80,39,96,23.36,21.53,7.57,298.48,muskmelon,4
25,50,22,8.53,75.18,4.56,137.62,papaya,3
35,73,102,25.7,95.64,7.8,190.23,mungbean,1
0,97,67,8.78,70.57,7.74,49.33,banana,3
7,68,154,38.33,54.82,4.91,147.18,blackgram,0
112,53,143,38.52,62.01,5.12,86.85,mothbeans,0
98,78,190,37.15,35.97,7.43,253.96,blackgram,2
46,9,189,18.48,80.04,5.84,239.5,maize,1
126,104,8,38.98,79.71,4.67,250.77,coconut,0
55,74,139,28.09,31.64,7.89,222.61,apple,2
13,94,65,21.83,90.24,4.42,253.15,mungbean,3
27,8,111,31.14,41.54,8.63,76.23,pomegranate,4
77,130,58,8.46,98.58,6.59,146.57,mango,3
129,43,92,13.29,50.63,4.13,213.72,orange,0
108,133,72,35.46,34.23,7.66,198.47,mungbean,4
13,28,133,17.03,48.14,6.61,220.58,coffee,2
55,61,59,30.13,55.21,5.29,82.79,blackgram,3
114,104,7,22.25,25.54,6.04,47.56,mungbean,4
6,74,170,39.63,66.26,5.29,276.71,kidneybeans,1
2,45,125,43.24,67.81,5.08,176.85,chickpea,3
110,64,133,40.69,79.11,4.48,63.07,coconut,0
106,112,106,18.01,22.33,5.68,242.16,muskmelon,2
17,61,42,15.18,63.3,5.01,276.18,kidneybeans,3
37,35,89,25.55,24.23,7.6,67.48,lentil,4
114,88,161,8.27,76.09,7.6,248.88,grapes,1
14,40,137,8.95,24.46,6.51,281.3,papaya,2
118,112,96,28.47,92.94,8.17,282.74,jute,1
27,110,25,27.26,76.17,8.55,275.96,apple,4
38,90,203,44.8,60.59,6.98,173.0,rice,1
16,139,199,15.47,55.32,7.21,119.74,kidneybeans,2
85,18,113,17.55,30.45,5.2,22.04,papaya,0
125,124,51,12.2,43.28,8.87,37.06,blackgram,4
43,142,88,41.95,89.52,3.65,140.07,cotton,0
24,84,87,36.78,92.36,5.59,131.81,apple,3
12,110,39,38.43,20.06,7.83,71.72,jute,4
24,74,200,41.4,67.53,3.98,130.73,banana,0
67,48,73,27.42,77.54,4.6,68.9,cotton,3
137,77,133,24.69,69.5,7.04,257.66,jute,1
66,49,200,20.22,26.53,6.86,103.49,jute,2
108,111,144,29.8,37.42,7.93,187.6,jute,2
110,88,192,24.81,40.03,8.38,160.8,coconut,2
110,86,31,24.71,86.54,4.27,34.53,coconut,3
33,111,60,42.67,57.06,3.61,283.83,papaya,0
110,25,27,44.41,58.95,7.64,167.62,coconut,4
7,11,157,37.47,94.79,5.31,111.02,banana,1
112,74,25,36.0,70.97,7.26,64.28,chickpea,4
82,131,65,33.18,91.89,4.4,114.79,blackgram,0
41,124,67,14.14,56.52,6.31,25.74,cotton,3
100,132,126,10.19,31.95,6.53,121.8,coconut,2
5,61,56,33.56,94.39,7.01,168.82,pomegranate,3
25,62,92,34.97,56.7,6.58,264.12,apple,4
63,25,157,9.74,34.53,6.47,212.46,pigeonpeas,2
58,86,59,42.34,44.19,5.5,51.24,cotton,0
108,73,50,11.37,24.06,3.93,61.37,lentil,0
120,135,36,18.58,57.46,4.04,139.87,blackgram,0
32,91,59,32.88,88.25,6.1,74.8,banana,3
20,53,100,14.29,94.69,5.63,27.8,apple,3
69,119,137,10.05,94.61,6.6,245.4,mungbean,1
111,93,40,20.25,30.02,5.33,25.47,muskmelon,0
3,89,114,36.34,50.56,7.63,252.59,jute,2
93,132,181,23.31,22.26,8.68,60.35,cotton,2
74,144,110,32.16,88.41,5.29,292.91,orange,1
61,121,62,29.45,48.7,4.66,189.08,mothbeans,0
93,131,43,8.82,70.49,4.2,225.8,muskmelon,3
94,75,84,44.58,77.19,7.2,50.94,blackgram,4
54,90,101,9.53,54.39,6.16,261.39,mungbean,2
136,37,117,43.81,44.52,4.63,254.97,maize,0
130,85,65,28.34,96.98,7.42,202.84,grapes,1
30,65,141,43.64,97.16,4.39,160.64,mothbeans,1
39,65,10,12.25,43.15,6.83,222.02,pigeonpeas,3
35,102,113,26.15,58.37,6.66,21.66,cotton,3
5,32,39,14.27,97.83,7.91,185.88,rice,3
65,47,43,9.89,20.39,3.83,257.27,papaya,3
74,90,154,30.85,53.01,8.83,119.93,muskmelon,2
3,21,173,15.69,28.04,7.72,50.32,pomegranate,2
78,102,122,29.74,60.73,4.8,137.85,chickpea,0
133,102,9,12.16,21.97,4.6,223.59,pigeonpeas,0
117,69,174,20.28,52.55,6.09,50.04,grapes,0
112,78,91,36.92,37.66,8.41,77.69,blackgram,4
93,89,80,24.17,62.66,8.56,61.31,coffee,4
61,9,199,31.23,99.68,6.62,243.15,jute,1
78,6,162,31.96,84.04,8.66,37.61,maize,1
135,26,61,39.22,87.65,3.53,212.24,lentil,0
25,116,131,20.02,70.82,3.71,122.61,orange,3
43,61,205,33.43,23.32,8.97,231.62,papaya,2
132,70,33,43.58,36.54,8.15,290.03,grapes,4
69,78,169,35.02,94.01,6.2,52.07,rice,1
117,102,91,26.13,49.29,8.02,108.03,mango,4
67,116,145,31.34,28.29,9.23,246.84,cotton,2
18,129,164,35.37,76.19,8.13,94.52,cotton,1
19,90,50,30.65,43.96,8.55,80.23,jute,4
112,80,120,8.62,41.51,8.06,251.11,pigeonpeas,2
139,92,116,15.21,99.84,4.51,296.38,blackgram,1
46,42,155,37.99,88.65,8.5,175.93,muskmelon,1
0,63,49,18.09,52.64,4.67,97.85,chickpea,3
89,142,149,35.07,98.42,8.86,131.6,mothbeans,1
63,103,108,21.77,72.01,6.25,67.64,grapes,3
37,67,89,27.31,79.36,7.56,233.33,mango,1
36,53,198,10.52,22.52,6.48,236.57,coconut,2
125,36,138,14.71,29.73,4.06,265.03,papaya,0
138,139,112,43.42,70.65,5.24,27.45,rice,0
99,25,22,40.94,91.92,9.4,177.35,mungbean,4
76,24,98,32.13,69.9,9.26,79.99,mango,4
2,131,154,25.01,30.72,5.42,115.45,pomegranate,2
133,72,37,33.0,29.26,9.48,239.79,mango,4
9,114,162,30.89,87.53,8.57,73.77,banana,1
4,120,130,29.04,31.14,7.17,198.74,kidneybeans,2
137,124,164,10.19,61.62,3.74,203.28,coconut,0
129,83,174,31.41,22.97,8.91,287.15,mothbeans,2
12,120,126,36.45,26.45,6.84,237.05,lentil,2
129,96,142,44.78,73.79,8.71,245.02,cotton,1
83,18,119,8.41,75.13,8.51,168.85,pomegranate,1
64,129,168,35.02,47.32,8.5,72.3,pigeonpeas,2
62,62,166,29.16,37.25,7.69,139.16,grapes,2
100,32,205,24.06,85.1,5.25,173.86,lentil,1
72,30,32,12.72,37.37,5.52,209.96,maize,3
16,117,15,23.14,63.36,5.35,190.16,papaya,3
8,70,171,21.11,97.46,3.62,130.31,jute,3
37,135,51,19.2,31.83,7.0,94.29,rice,2
93,48,131,35.04,95.27,7.69,67.1,jute,1
94,101,151,33.93,34.63,8.62,214.28,mango,2
48,46,122,29.79,65.4,4.34,200.71,pomegranate,3
68,10,147,42.73,50.16,6.77,212.46,maize,1
61,27,130,20.94,97.19,3.55,124.31,lentil,3
77,93,160,17.02,41.88,4.07,93.47,maize,0
116,127,156,32.27,51.97,3.83,232.72,coffee,0
119,55,76,15.36,98.63,7.85,236.62,watermelon,1
136,15,111,19.66,62.92,3.99,147.57,banana,0
75,16,141,16.31,60.21,7.8,191.33,banana,1
34,78,179,10.56,40.62,5.0,124.59,orange,2
0,12,37,38.62,76.11,8.77,216.55,kidneybeans,4
39,45,194,17.42,21.15,8.38,254.0,grapes,2
63,89,23,25.5,23.96,9.25,212.71,mungbean,4
59,76,199,9.6,67.95,8.8,163.52,apple,2
63,59,78,33.88,47.33,9.1,148.42,rice,4
92,141,172,20.23,96.27,8.65,199.85,grapes,1
71,51,179,35.56,92.26,7.66,210.35,rice,1
10,108,197,23.26,77.1,4.52,176.44,banana,2
104,46,161,15.24,85.45,5.13,194.98,mothbeans,1
13,64,182,26.99,73.39,4.78,47.04,cotton,3
59,16,102,12.83,30.05,7.12,286.49,chickpea,2
29,134,145,24.3,81.24,6.52,241.42,mango,1
34,11,133,19.74,36.82,8.7,124.7,pigeonpeas,2
4,84,166,41.74,45.88,9.22,177.59,lentil,2
82,135,97,10.25,85.54,5.93,33.25,mango,3
122,113,180,33.68,62.92,6.54,31.54,pomegranate,0
77,7,52,14.76,88.8,9.33,90.22,coconut,4
61,31,181,19.8,37.04,5.16,213.12,pigeonpeas,2
131,118,68,23.37,68.62,8.25,258.6,pigeonpeas,4
88,111,65,41.6,26.7,4.85,176.57,lentil,0
41,44,161,16.98,71.44,7.59,169.0,cotton,1
88,133,43,11.38,81.0,5.02,132.65,orange,3
39,12,132,19.79,66.79,8.8,65.25,pomegranate,1
71,105,92,11.87,41.3,6.87,53.14,jute,2
38,128,30,12.76,22.51,4.62,232.99,rice,3
103,111,21,29.23,29.56,4.85,279.7,coffee,0
13,105,75,10.25,69.78,6.46,148.32,apple,3
31,8,17,9.14,94.75,9.27,204.64,muskmelon,3
124,114,73,34.43,36.52,8.12,276.05,orange,4
96,23,30,21.38,78.8,6.43,45.23,cotton,3
22,36,53,12.64,89.32,5.53,235.73,grapes,3
62,141,199,17.38,61.67,6.8,192.71,rice,2
52,16,11,31.76,73.54,7.99,187.62,blackgram,4
103,143,62,18.19,85.2,8.2,101.91,pigeonpeas,4
103,50,53,26.3,40.85,5.45,211.49,mothbeans,0
38,123,107,12.5,43.75,7.83,242.54,cotton,2
133,20,57,29.76,20.05,7.45,51.6,watermelon,4
66,133,197,19.69,97.05,9.25,169.39,coffee,1
134,67,66,31.2,93.4,9.09,48.35,banana,4
41,113,21,37.91,81.17,8.24,264.32,mothbeans,4
14,123,175,30.63,26.33,7.84,162.14,banana,2
110,25,29,18.94,55.8,5.14,246.23,grapes,3
32,17,135,17.46,28.15,8.58,123.06,mango,2
37,8,33,20.11,21.27,6.07,55.02,coffee,3
96,106,121,14.09,69.29,5.13,31.62,maize,3
32,63,164,14.7,96.87,5.8,98.82,jute,3
85,132,30,37.26,92.23,8.52,88.39,chickpea,4
65,31,128,22.24,75.74,4.39,176.9,kidneybeans,3
9,73,148,24.13,27.73,6.24,26.09,orange,2
4,29,29,29.98,41.93,6.45,165.76,coffee,3
122,135,58,29.82,45.6,3.72,129.7,mothbeans,0
73,101,160,10.49,81.05,4.67,181.59,mungbean,3
96,29,77,38.77,84.18,8.46,216.68,muskmelon,1
117,130,124,14.56,50.81,8.48,197.55,banana,2
37,137,60,34.75,53.43,5.25,295.7,chickpea,0
140,13,69,36.59,23.56,8.75,58.71,mothbeans,4
46,120,97,34.45,43.13,8.13,140.33,maize,4
108,138,90,29.42,56.1,6.01,138.95,watermelon,0
14,64,84,8.54,29.36,7.99,136.77,lentil,2
135,125,173,21.33,56.26,9.27,205.86,papaya,2
4,143,112,30.38,88.25,6.25,157.15,coconut,3
46,112,183,22.34,66.51,4.93,164.88,mango,2
67,112,122,39.95,26.31,9.15,141.06,grapes,4
75,135,203,19.43,35.33,7.12,297.68,mango,2
129,80,161,18.86,57.96,4.13,279.72,mango,0
94,34,87,17.84,48.92,6.94,106.16,papaya,4
114,25,151,20.31,48.7,6.5,51.25,lentil,0
35,38,198,28.62,62.34,8.63,255.13,orange,1
25,45,173,34.16,66.75,6.68,299.21,jute,1
42,55,177,32.52,83.75,5.03,101.93,apple,1
26,86,19,37.89,47.28,7.55,120.18,orange,4
68,62,135,40.78,84.44,6.76,283.66,jute,1
10,79,143,38.19,47.09,4.9,219.12,blackgram,0
73,27,185,8.7,24.43,6.94,102.78,banana,2
103,132,178,35.23,64.34,8.43,182.69,maize,1
37,21,34,15.71,67.03,3.67,284.38,blackgram,3
133,73,61,12.92,94.76,7.29,247.31,mango,1
22,112,150,31.62,78.08,5.6,227.71,jute,1
46,143,183,19.83,93.42,5.26,226.36,rice,1
89,98,132,10.11,92.67,5.86,69.85,grapes,3
45,19,52,13.09,68.37,5.55,250.91,coffee,3
106,95,198,8.03,62.22,8.49,97.31,jute,2
139,37,140,41.42,64.6,5.15,280.5,orange,0
140,129,26,8.91,98.27,7.9,122.1,watermelon,4
103,20,10,15.75,81.85,4.06,260.14,watermelon,3
110,70,189,23.4,28.5,9.21,94.55,apple,2
103,51,108,21.19,82.27,7.23,164.07,orange,1
59,128,40,41.73,33.64,7.74,49.93,mothbeans,4
99,5,83,9.49,55.79,5.29,204.83,mungbean,3
67,91,120,26.95,36.84,5.97,254.1,rice,2
132,132,61,33.18,75.17,4.84,221.17,muskmelon,0
119,71,53,42.47,90.18,9.1,166.51,cotton,4
36,8,177,30.95,43.23,6.43,32.63,jute,2
71,51,86,37.74,26.56,7.28,281.36,papaya,4
126,42,70,11.1,43.88,7.91,217.54,grapes,4
105,25,81,22.28,73.79,5.73,228.84,maize,1
91,61,49,21.84,46.3,7.82,242.51,coconut,4
30,121,83,40.79,42.25,7.56,229.37,muskmelon,4
121,50,24,13.6,34.75,7.73,143.51,mango,4
136,43,196,13.62,59.8,6.44,225.41,muskmelon,1
50,141,127,20.16,42.08,5.8,195.01,papaya,2
28,103,71,10.02,78.48,4.83,259.12,watermelon,3
39,81,87,14.75,26.13,8.45,244.69,mothbeans,2
40,119,7,43.71,73.12,7.15,31.58,mango,4
10,138,186,23.84,39.0,6.17,126.09,cotton,2
0,95,68,31.38,59.14,9.16,29.72,mothbeans,4
45,102,44,34.87,42.89,3.79,48.58,lentil,0
100,124,63,21.58,77.82,8.6,188.4,kidneybeans,4
89,50,187,13.45,95.62,9.49,264.67,orange,1
109,42,66,15.64,93.37,8.82,53.55,maize,1
56,104,136,19.59,66.67,8.36,146.31,apple,2
0,76,64,31.53,57.01,5.75,275.05,watermelon,3
62,39,120,22.74,85.46,4.89,248.0,blackgram,3
54,34,79,8.25,74.67,7.91,165.51,watermelon,3
114,82,126,27.37,34.69,5.33,236.04,maize,0
52,88,111,42.1,85.67,4.56,166.35,apple,0
136,117,100,38.05,54.31,8.22,64.27,kidneybeans,4
56,29,95,38.53,35.12,5.38,54.93,rice,0
116,92,162,37.42,42.54,8.99,72.74,cotton,4
34,18,134,19.98,41.4,8.54,118.26,watermelon,2
62,106,66,36.31,61.54,8.59,280.55,blackgram,4
24,87,53,13.3,38.75,8.13,243.91,chickpea,2
89,114,141,32.34,29.89,8.79,141.18,pigeonpeas,2
74,135,96,31.74,29.9,8.33,158.06,mothbeans,4
37,23,163,8.95,66.66,7.12,94.37,coffee,2
129,32,128,37.15,78.78,5.27,217.22,blackgram,1
134,75,65,41.42,45.72,8.83,244.77,mothbeans,4
90,67,52,17.89,22.77,8.54,86.89,mothbeans,4
16,77,157,38.06,30.18,6.34,31.71,kidneybeans,2
127,128,168,11.05,93.18,3.73,194.69,mungbean,1
107,123,140,30.2,59.48,7.33,177.5,coconut,1
24,125,205,25.97,56.29,3.8,132.6,mungbean,2
87,23,62,28.2,23.04,9.06,200.29,chickpea,4
28,124,105,42.27,78.29,9.27,174.17,blackgram,1
62,65,116,40.24,62.25,4.64,90.16,rice,0
113,34,177,37.05,36.17,7.56,131.36,rice,0
48,13,66,18.13,28.81,4.05,139.87,watermelon,3
80,68,43,41.74,50.67,7.88,266.47,mothbeans,4
83,124,62,11.61,86.97,5.58,289.05,pomegranate,3
104,56,103,39.57,89.22,7.59,270.04,watermelon,1
117,93,196,20.14,68.23,5.74,221.37,kidneybeans,1
85,57,48,9.99,78.2,4.37,183.8,mothbeans,3
62,82,33,32.77,29.21,5.94,212.99,apple,4
103,45,63,16.56,67.05,4.18,282.95,jute,3
48,72,75,17.01,73.36,6.96,90.0,rice,3
70,12,96,19.32,36.06,3.75,169.83,mothbeans,0
0,6,13,10.36,90.41,6.66,213.09,lentil,3
140,109,131,14.55,35.6,8.82,210.19,muskmelon,2
122,129,138,8.19,45.08,8.53,90.64,mango,2
61,114,161,24.48,69.64,8.8,184.28,chickpea,2
31,90,190,11.12,71.07,9.03,242.86,banana,2
28,124,149,33.26,75.95,4.13,153.02,muskmelon,0
48,131,148,16.72,28.96,4.27,242.12,chickpea,2
29,20,135,42.91,87.96,6.84,120.77,watermelon,1
18,66,25,40.24,62.63,8.86,282.85,maize,4
17,117,68,18.71,57.71,9.35,169.5,kidneybeans,4
0,16,94,36.98,98.49,3.78,186.87,coconut,3
77,39,40,37.72,79.23,5.63,28.78,mango,3
114,15,66,44.5,29.44,4.78,67.68,maize,0
112,68,174,30.12,80.52,8.04,197.22,orange,1
113,54,80,11.03,27.62,7.34,137.56,chickpea,4
62,73,174,31.93,22.2,4.22,162.29,pomegranate,0
131,52,193,31.12,52.29,6.4,37.63,apple,0
128,24,17,31.62,99.49,7.61,253.56,coffee,4
7,105,15,19.36,33.99,8.17,239.66,lentil,4
54,141,58,39.81,73.81,3.62,71.9,banana,0
102,72,20,43.5,33.87,8.84,197.61,jute,4
130,39,12,16.06,77.98,6.92,249.13,muskmelon,4
31,69,108,11.26,60.43,8.37,199.44,chickpea,2
9,12,63,15.2,74.4,8.35,106.91,apple,3
109,49,61,38.36,36.23,4.64,203.71,jute,0
123,91,44,33.04,79.65,4.16,78.93,jute,0
86,80,191,31.53,99.65,7.83,109.11,jute,1
54,80,134,22.87,73.25,4.44,87.22,mango,3
31,51,98,29.38,59.48,8.6,175.94,pigeonpeas,4
134,19,142,19.39,93.85,7.86,50.3,mungbean,1
92,109,48,25.66,21.27,8.55,281.33,lentil,4
7,30,143,37.34,78.39,5.29,113.38,jute,3
64,56,84,44.31,91.1,5.4,81.31,papaya,1
56,97,85,42.5,24.93,7.53,159.03,jute,4
66,25,6,42.55,56.01,3.69,97.56,blackgram,0
71,55,182,22.88,36.38,7.86,169.77,mango,2
53,42,144,25.35,65.32,8.51,117.58,cotton,1
66,24,119,34.11,71.96,5.99,56.98,maize,1
50,136,94,42.12,44.21,8.09,94.45,pomegranate,4
96,59,27,13.25,56.8,4.55,142.76,coconut,3
91,96,150,19.26,42.35,5.43,28.48,lentil,0
7,32,66,13.15,49.55,9.35,235.78,blackgram,4
34,8,117,30.64,32.76,9.42,194.11,rice,4
95,80,132,19.33,90.84,6.58,188.38,mothbeans,1
87,71,66,20.07,20.8,9.11,172.89,mango,4
77,90,42,10.62,90.59,6.64,185.29,coconut,3
31,95,199,20.94,65.73,5.25,281.7,orange,2
119,109,170,39.91,46.53,5.1,22.4,maize,0
45,5,199,16.62,77.84,9.08,33.38,banana,1
54,76,65,33.72,60.62,4.53,73.62,papaya,0
6,91,133,31.3,59.93,6.98,66.84,coffee,2
73,10,177,39.95,28.81,6.83,70.73,banana,0
6,65,160,12.89,51.16,7.94,208.14,papaya,2
84,16,153,44.17,39.29,6.5,148.66,blackgram,0
111,10,126,29.56,21.26,5.13,297.7,muskmelon,0
124,31,114,44.83,48.81,4.52,83.53,lentil,0
35,140,17,41.73,27.19,7.22,107.03,muskmelon,4
28,128,159,16.2,40.55,7.81,295.59,mungbean,2
81,110,104,10.08,27.4,6.92,252.89,cotton,2
1,97,139,17.46,28.08,7.93,151.54,grapes,2
128,113,26,27.52,35.92,4.35,175.29,grapes,0
46,103,78,14.35,99.99,8.79,256.09,rice,1
10,39,185,14.2,20.17,6.99,154.67,cotton,2
129,88,136,25.12,71.09,4.26,77.69,kidneybeans,0
118,60,27,9.23,31.3,6.27,251.96,kidneybeans,4
139,145,123,12.51,93.65,8.57,170.58,kidneybeans,1
19,53,74,23.39,27.49,8.89,62.85,grapes,4
4,50,88,10.34,96.41,5.09,161.56,maize,3
36,117,105,22.68,68.87,7.77,135.7,muskmelon,2
136,140,88,25.54,20.1,4.1,265.52,kidneybeans,0
52,47,165,24.7,91.52,3.7,55.3,mothbeans,3
98,128,32,40.16,61.74,6.86,265.06,chickpea,4
85,101,140,27.61,41.01,7.67,163.42,mungbean,2
107,94,5,25.32,81.38,8.27,133.22,mothbeans,4
23,43,169,23.2,94.13,5.54,65.35,chickpea,3
80,89,67,38.25,58.7,3.54,216.23,kidneybeans,0
119,66,26,41.12,45.24,6.38,279.51,pomegranate,4
58,110,74,39.57,83.12,3.6,125.11,jute,0
127,111,129,32.92,74.54,4.05,87.64,lentil,0
113,58,153,13.08,91.1,5.46,175.36,mothbeans,1
114,130,100,18.24,75.4,6.12,242.93,cotton,1
13,13,167,9.7,39.48,5.18,21.05,banana,3
8,92,83,42.44,94.53,6.99,196.79,mungbean,1
39,41,9,32.45,28.39,3.83,187.02,papaya,0
24,53,64,35.62,41.44,4.37,109.08,kidneybeans,0
102,45,124,19.53,61.62,7.67,146.4,pigeonpeas,1
21,21,50,39.29,65.26,4.35,89.15,kidneybeans,3
3,92,182,17.61,21.22,7.34,241.17,kidneybeans,2
28,25,180,8.06,82.45,3.83,197.67,grapes,3
108,55,138,21.93,48.93,5.94,169.16,apple,0
97,63,60,29.12,52.51,4.56,129.91,watermelon,0
36,45,114,25.71,84.75,4.16,101.59,banana,3
74,43,191,39.9,50.34,6.9,250.37,maize,1
69,145,161,11.9,23.78,9.07,146.39,coffee,2
127,15,203,28.49,34.12,3.83,160.41,watermelon,0
84,143,108,26.98,96.47,6.03,165.83,mungbean,1
41,81,81,18.41,25.63,7.75,145.54,banana,2
99,131,150,38.42,48.39,6.28,91.7,kidneybeans,0
40,50,6,35.86,60.25,8.34,53.7,mungbean,4
33,49,12,35.12,59.46,4.58,47.59,apple,3
16,5,79,40.42,20.32,9.26,232.09,mothbeans,4
121,112,186,34.74,60.09,5.81,82.59,mothbeans,0
75,23,129,16.58,50.7,5.55,35.59,maize,3
86,80,42,34.11,97.77,8.75,243.3,blackgram,1
116,76,180,19.39,32.73,6.88,63.14,mungbean,2
105,113,31,16.96,48.33,6.6,195.04,watermelon,4
85,16,24,10.7,53.56,7.86,114.82,lentil,4
26,49,144,35.53,51.26,6.98,55.41,muskmelon,2
56,94,47,34.31,73.27,4.48,136.05,coffee,3
30,107,193,16.68,37.24,7.55,24.15,papaya,2
133,12,35,35.73,37.69,4.3,255.49,mango,0
97,95,95,41.96,78.34,8.34,163.78,coconut,1
11,91,65,12.0,60.02,9.44,58.96,grapes,2
52,88,199,16.61,53.21,5.76,86.35,mungbean,2
137,86,113,35.76,33.54,6.17,145.43,pomegranate,0
121,72,95,18.16,35.0,3.78,72.88,pomegranate,0
45,131,167,31.11,20.84,3.58,95.21,maize,0
63,86,99,11.0,27.31,9.03,169.63,watermelon,2
129,88,147,24.73,64.55,4.27,253.13,grapes,0
53,117,148,35.35,91.35,6.17,132.52,coffee,1
106,80,17,33.4,42.97,8.39,220.75,mothbeans,4
50,126,117,38.16,46.22,8.84,265.47,lentil,4
35,45,39,40.47,29.25,6.62,80.56,grapes,4
114,6,191,36.61,51.09,6.89,246.01,lentil,1
25,33,153,32.85,22.98,7.52,232.07,grapes,2
28,109,186,9.17,93.41,9.27,119.94,pigeonpeas,1
10,55,162,27.79,73.85,7.12,297.07,watermelon,1
39,79,52,9.39,99.26,6.86,93.52,pigeonpeas,3
10,14,39,37.9,90.63,3.59,91.34,lentil,3
112,55,90,19.87,57.84,3.99,236.23,blackgram,0
38,122,170,28.81,61.57,6.96,141.7,mungbean,2
53,125,163,18.34,35.25,9.12,112.62,blackgram,2
97,43,156,36.95,56.96,8.7,70.03,coffee,1
54,32,118,40.8,92.24,9.4,234.29,chickpea,1
110,7,181,22.75,24.07,6.67,240.17,muskmelon,2
68,88,104,39.93,89.08,8.23,178.64,blackgram,1
55,121,164,17.88,47.28,8.54,288.05,rice,2
32,6,187,27.78,91.96,7.39,109.09,mungbean,1
35,97,190,39.77,95.27,5.53,81.49,coconut,1
80,135,103,20.06,73.67,6.32,209.69,maize,1
108,98,7,43.3,73.15,8.65,232.35,watermelon,4
72,44,201,12.51,56.22,5.29,82.97,papaya,2
39,6,89,8.68,86.84,9.04,41.45,muskmelon,3
16,85,129,41.45,96.93,4.88,246.94,watermelon,1
128,16,142,10.54,82.01,8.0,293.42,coconut,1
60,69,87,44.7,69.75,7.28,200.51,coconut,4
103,59,29,43.2,68.54,8.0,97.8,coffee,4
41,49,72,13.07,87.96,6.12,299.07,orange,3
24,105,65,27.89,63.3,9.1,270.11,coffee,4
38,66,33,14.84,84.31,7.29,163.75,coconut,3
34,53,131,23.84,60.71,5.23,251.09,apple,3
130,131,23,10.27,25.0,7.33,248.43,cotton,4
107,27,175,16.29,50.72,5.22,281.74,coconut,2
101,42,198,21.44,55.56,5.26,255.46,rice,1
97,32,78,24.23,31.33,5.9,200.23,coconut,0
11,25,65,44.17,28.2,8.61,190.61,mungbean,4
18,111,175,37.89,62.84,6.5,150.86,banana,2
100,103,157,35.28,26.81,7.57,195.42,pigeonpeas,2
43,123,24,27.87,44.24,5.85,242.66,orange,4
48,77,52,39.08,79.57,5.08,291.33,banana,3
16,126,91,20.55,97.15,9.23,150.84,blackgram,1
73,34,156,34.23,77.43,7.12,180.62,pomegranate,1
56,112,143,44.77,99.41,9.1,144.55,mango,1
54,102,114,19.64,75.87,4.72,207.18,pomegranate,3
46,36,187,32.94,43.5,4.38,196.38,grapes,0
11,83,32,39.24,73.76,8.63,24.99,papaya,4
61,45,201,41.88,76.17,7.59,171.53,pomegranate,1
79,67,195,34.56,49.74,4.62,44.78,coconut,0
82,27,63,18.49,21.42,5.12,27.39,cotton,0
7,108,137,20.07,76.26,8.3,241.54,orange,2
80,79,55,8.77,21.74,6.22,92.42,cotton,2
117,52,153,36.15,70.5,7.52,115.38,apple,1
24,61,16,9.58,33.09,5.41,37.94,pigeonpeas,3
88,122,54,39.99,65.25,5.79,70.26,chickpea,0
11,104,136,12.39,60.31,9.44,234.37,muskmelon,2
58,128,117,14.36,21.08,4.99,158.19,maize,2
108,38,174,25.63,49.03,6.54,266.59,grapes,1
25,11,170,35.3,68.09,8.57,131.23,coffee,1
46,60,157,13.14,87.89,4.94,95.24,blackgram,3
31,69,18,24.28,91.09,5.99,117.33,orange,3
9,51,36,25.87,58.71,7.19,219.58,kidneybeans,3
15,23,143,15.85,78.27,6.39,175.4,coconut,3
25,130,193,12.28,45.32,6.26,273.17,coffee,2
85,143,150,38.95,47.37,5.68,188.61,lentil,0
134,53,159,26.59,35.56,7.02,158.05,muskmelon,0
13,117,59,8.53,64.96,7.25,240.01,lentil,3
78,42,186,37.71,45.17,7.42,285.31,jute,1
116,68,124,44.29,26.75,3.92,119.64,lentil,0
6,73,79,30.42,74.8,7.29,89.97,watermelon,3
136,140,25,26.64,76.62,9.22,192.54,jute,4
114,120,176,40.5,48.8,6.75,159.68,apple,0
71,69,137,43.24,26.14,7.79,296.97,orange,4
58,35,91,35.92,54.1,6.84,149.46,grapes,4
81,136,173,24.48,55.39,8.63,40.81,lentil,2
115,117,63,29.91,73.49,9.08,293.66,muskmelon,4
102,113,93,33.93,45.23,4.61,256.2,mungbean,0
16,73,186,15.19,74.61,6.12,69.91,rice,2
13,124,154,24.55,89.72,5.85,273.29,rice,1
107,92,87,38.7,39.0,5.93,115.39,pigeonpeas,0
44,71,69,32.22,98.31,4.25,125.59,lentil,3
97,79,68,23.21,50.91,8.38,273.79,mango,4
130,49,75,32.54,41.38,3.71,168.43,mothbeans,0
36,8,8,12.37,53.72,6.67,58.57,grapes,3
107,111,197,22.86,27.55,7.47,123.34,blackgram,2
38,55,147,37.35,30.06,4.74,222.19,muskmelon,0
14,54,108,16.16,53.15,8.94,68.77,mothbeans,2
119,10,154,14.88,81.0,8.53,185.26,mothbeans,1
3,63,179,43.18,92.02,6.33,214.68,kidneybeans,1
92,129,97,15.77,73.19,5.97,116.28,banana,3
140,34,178,17.65,28.42,4.92,214.29,jute,0
15,126,146,43.88,73.76,7.88,267.58,papaya,1
107,129,182,35.18,70.83,4.29,152.19,chickpea,0
125,41,152,33.89,84.46,7.58,127.21,chickpea,1
54,128,182,39.56,86.02,8.55,90.32,mango,1
33,105,116,12.29,89.46,4.87,189.18,jute,3
12,39,165,34.12,53.13,8.7,266.36,jute,2
140,91,123,26.64,75.83,3.7,110.91,mothbeans,0
17,138,63,38.68,41.46,8.98,130.95,jute,4
95,22,47,26.8,99.95,4.21,133.86,mothbeans,3
122,117,16,30.95,34.03,7.37,177.03,blackgram,4
38,33,44,25.68,20.81,5.0,83.95,muskmelon,0
45,81,122,25.69,31.9,8.52,250.22,papaya,2
28,63,24,36.41,82.07,6.57,102.77,cotton,3
61,130,170,31.26,55.74,4.31,217.5,apple,0
15,113,135,31.43,55.8,6.93,163.7,mothbeans,2
120,26,160,24.66,96.4,5.95,184.05,jute,1
9,72,188,27.65,93.57,7.47,70.29,orange,1
102,73,94,35.59,44.9,8.79,225.81,lentil,4
83,53,98,38.56,36.72,5.96,72.81,coconut,0
132,145,17,33.77,87.88,5.24,51.77,papaya,0
64,113,70,42.19,92.48,3.59,173.07,pigeonpeas,0
2,90,41,38.35,63.33,6.95,218.6,mothbeans,4
119,57,181,28.79,70.35,5.91,34.01,mango,1
67,127,70,32.84,40.55,5.75,39.43,banana,0
36,91,40,42.27,84.06,4.6,244.75,apple,3
72,135,186,30.91,70.57,6.08,246.53,cotton,1
48,46,30,38.52,60.28,9.41,88.69,orange,4
120,102,79,33.49,24.81,5.29,192.26,cotton,0
87,113,204,28.42,93.27,7.1,144.09,lentil,1
139,55,112,16.95,69.24,8.16,197.15,rice,1
36,89,172,23.76,35.42,7.99,261.61,chickpea,2
60,131,47,43.81,68.51,5.47,42.36,jute,0
123,25,154,32.34,74.2,7.17,237.84,lentil,1
38,48,152,28.88,62.06,8.73,158.05,coffee,1
62,143,12,42.52,77.45,3.59,177.96,coconut,0
45,107,33,29.7,66.52,6.11,203.1,grapes,3
87,72,44,27.47,95.82,4.85,278.33,watermelon,3
10,133,162,36.09,24.3,5.83,35.88,cotton,2
61,96,132,34.37,28.5,6.0,28.25,coconut,0
76,28,88,15.15,33.89,7.98,69.91,mungbean,4
51,129,120,25.44,75.21,4.06,296.21,kidneybeans,3
3,145,187,25.48,71.65,6.58,220.22,mango,2
58,115,148,21.99,91.36,6.89,192.1,watermelon,1
71,102,178,27.14,78.63,6.46,33.17,maize,1
92,143,66,23.28,60.67,7.89,266.15,rice,4
62,21,11,15.38,99.35,5.8,247.57,papaya,3
53,103,49,23.26,41.29,9.17,206.14,cotton,4
116,86,191,10.67,86.66,6.39,114.96,blackgram,1
109,108,188,29.3,54.14,6.93,39.74,chickpea,2
73,23,180,39.59,71.9,8.45,182.41,mothbeans,1
106,89,159,34.84,78.18,5.15,221.51,coffee,1
56,12,185,21.33,70.7,3.95,46.39,grapes,3
2,32,92,11.22,31.24,7.75,197.45,lentil,2
119,9,77,15.48,55.44,6.4,100.18,lentil,3
5,105,167,28.18,64.92,8.88,233.99,cotton,2
4,122,183,15.66,87.92,9.4,171.09,lentil,2
4,68,41,28.13,55.49,5.89,56.13,muskmelon,3
53,95,123,16.57,93.5,5.99,167.43,grapes,3
46,121,61,39.41,55.23,5.95,130.81,coffee,0
8,102,12,22.7,63.9,5.45,70.5,apple,3
98,15,99,17.09,83.7,8.19,255.62,maize,1
19,58,121,38.06,66.65,8.05,23.09,watermelon,1
121,51,114,20.69,96.82,6.37,107.4,mothbeans,1
60,144,24,12.13,72.83,3.77,23.53,maize,3
122,143,128,29.11,61.82,5.36,46.88,blackgram,0
81,9,57,29.52,21.89,5.25,103.19,kidneybeans,0
61,24,123,34.44,53.1,8.37,35.2,jute,4
2,50,16,16.89,43.94,4.03,187.06,watermelon,3
12,16,181,24.42,79.85,8.33,44.32,banana,1
119,74,21,18.45,36.66,7.52,216.48,watermelon,4
124,21,68,11.0,36.42,7.89,34.74,mango,4
88,119,46,40.43,35.16,6.09,36.61,apple,0
72,52,98,34.97,30.05,7.58,105.49,mothbeans,4
67,112,161,19.15,44.88,7.15,271.04,cotton,2
100,56,151,30.18,90.87,8.11,199.59,rice,1
97,100,15,15.45,81.99,6.18,235.64,mango,3
10,74,102,40.94,78.82,6.34,59.63,mungbean,3
104,106,182,12.25,83.79,7.36,253.56,blackgram,1
66,79,75,8.14,41.55,4.15,22.28,lentil,3
122,86,112,26.57,91.0,6.12,79.66,maize,1
28,96,62,29.58,30.98,9.33,192.51,orange,4
136,8,38,29.42,46.91,3.73,125.07,cotton,0
75,139,24,10.02,66.94,5.4,295.57,grapes,3
8,113,54,19.62,28.23,5.38,28.49,pigeonpeas,3
39,52,106,26.47,78.41,7.3,299.61,pomegranate,1
24,77,142,16.01,50.98,4.13,194.62,mango,3
4,76,164,40.29,82.75,7.27,176.44,orange,1
138,120,56,11.22,59.43,4.07,36.66,jute,0
123,85,19,26.03,34.47,4.07,96.53,mothbeans,0
37,85,88,33.58,78.78,7.87,278.91,chickpea,1
71,117,135,17.68,40.17,5.44,119.19,muskmelon,2
132,100,41,31.1,59.26,9.36,205.26,mungbean,4
89,76,130,38.69,26.04,3.72,299.86,mothbeans,0
36,67,44,15.04,69.43,6.17,93.66,kidneybeans,3
59,42,76,41.94,73.27,4.18,181.3,coconut,0
27,71,44,28.48,50.29,5.61,215.0,pigeonpeas,3
80,73,60,19.07,96.35,9.49,66.1,chickpea,1
113,17,155,23.94,89.93,8.83,61.63,lentil,1
39,35,108,19.55,76.64,3.79,147.77,mothbeans,3
44,118,143,34.83,77.09,6.88,128.03,grapes,1
61,26,114,37.46,40.19,7.39,219.98,coffee,4
92,97,196,38.82,72.55,4.76,39.46,cotton,0
114,71,140,44.47,35.86,4.37,292.21,kidneybeans,0
66,58,97,37.28,31.52,8.93,24.0,maize,4
55,142,98,30.25,99.96,9.31,188.37,kidneybeans,1
39,46,60,20.55,69.79,9.45,177.54,blackgram,4
97,68,64,28.15,54.48,8.24,57.72,grapes,4
39,130,142,9.52,43.05,7.48,62.26,pomegranate,2
90,25,43,35.56,68.31,5.57,241.95,papaya,0
32,39,32,24.5,23.97,4.53,268.52,lentil,3
5,34,53,8.74,27.57,3.97,99.24,rice,3
79,61,168,10.31,22.63,7.66,142.63,grapes,2
91,51,129,22.34,59.93,8.21,119.4,papaya,1
96,23,17,29.59,68.05,8.46,40.31,muskmelon,4
58,118,40,25.18,25.0,8.98,208.5,maize,4
58,12,105,30.91,77.7,8.78,251.05,banana,1
47,30,30,25.77,38.43,9.5,105.37,watermelon,4
12,117,90,32.48,74.82,4.96,297.25,coffee,3
106,75,8,16.11,98.55,8.08,41.24,muskmelon,3
44,34,86,12.18,75.29,7.02,205.3,watermelon,3
88,139,196,30.07,90.66,5.07,145.5,apple,1
99,71,170,25.93,95.86,9.39,145.05,muskmelon,1
6,69,131,8.99,58.94,8.89,148.14,coconut,2
132,40,92,22.08,76.19,4.27,92.43,lentil,0
44,29,131,11.93,88.16,3.66,220.36,pigeonpeas,3
57,41,124,27.66,48.53,7.63,222.04,pigeonpeas,2
30,5,26,22.64,40.91,7.12,99.07,banana,4
22,41,134,30.69,95.73,9.11,253.89,cotton,1
137,145,35,37.81,78.1,4.9,108.72,kidneybeans,0
106,140,123,19.09,37.57,4.01,223.03,cotton,0
38,137,15,43.6,55.93,5.06,53.88,papaya,0
81,132,50,27.82,83.72,3.61,67.24,chickpea,3
99,131,100,30.88,63.77,3.72,108.42,kidneybeans,0
1,5,194,33.18,72.0,8.99,186.28,watermelon,1
76,39,201,32.67,80.3,5.61,200.74,mungbean,1
11,108,196,26.91,69.76,5.96,130.98,blackgram,2
38,27,14,23.86,63.21,3.61,41.79,apple,3
12,13,172,9.99,79.97,5.12,124.62,cotton,3
45,38,132,8.82,78.21,8.33,212.85,muskmelon,1
112,132,156,21.24,70.39,7.19,207.88,mungbean,1
16,8,103,20.35,48.78,8.02,64.85,orange,3
103,106,176,22.34,52.46,6.18,22.18,coffee,2
97,79,116,13.12,97.64,5.36,230.83,coffee,1
87,103,64,35.31,28.99,6.4,49.78,coffee,0
108,76,194,39.71,41.48,5.44,43.06,mango,0
69,7,91,42.73,59.39,8.53,20.76,papaya,4
73,38,149,26.22,86.94,5.29,141.13,watermelon,1
62,49,69,33.93,33.09,7.46,160.91,muskmelon,4
59,65,61,39.66,42.16,4.32,198.55,muskmelon,0
78,87,187,23.48,25.26,7.62,102.9,pigeonpeas,2
36,127,110,19.45,76.48,8.98,218.92,apple,2
21,106,185,42.66,39.06,7.15,67.41,pigeonpeas,2
95,20,188,27.08,51.09,6.86,252.96,maize,1
67,70,13,26.4,55.5,9.27,180.12,cotton,4
16,123,26,14.6,91.31,7.26,183.49,lentil,3
11,128,145,12.0,52.91,5.06,78.74,coffee,2
137,106,93,39.16,31.62,5.25,40.75,lentil,0
117,70,180,30.72,61.95,7.73,150.12,kidneybeans,1
21,17,22,20.06,97.04,7.91,192.37,muskmelon,3
119,115,119,15.09,68.61,5.32,46.61,banana,0
49,38,172,28.55,98.67,5.57,286.15,rice,1
13,43,149,29.61,87.29,9.45,294.52,papaya,1
28,140,147,15.66,22.88,4.11,172.73,rice,2
124,124,110,39.5,72.67,5.93,286.02,blackgram,0
6,130,19,11.12,42.94,3.87,70.24,apple,3
28,59,67,21.18,64.77,8.43,27.12,coffee,3
138,31,171,33.17,42.35,4.05,31.03,papaya,0
32,122,17,18.14,47.91,7.54,184.5,coffee,4
133,57,85,38.62,93.85,3.84,37.26,lentil,0
110,43,36,35.38,36.53,7.54,288.39,mango,4
78,69,141,37.19,89.93,8.56,59.74,coconut,1
57,17,44,12.41,22.44,5.89,105.32,papaya,3
25,25,152,13.2,27.27,6.63,250.3,pigeonpeas,2
28,57,86,18.6,88.37,5.91,81.25,maize,3
3,23,81,27.17,70.44,5.3,88.03,mungbean,3
98,61,205,35.68,79.78,8.32,199.85,pomegranate,1
140,29,195,38.95,36.75,5.13,97.3,muskmelon,0
38,35,80,34.06,62.97,7.84,80.89,mungbean,4
14,85,176,42.36,78.98,4.74,91.17,pigeonpeas,1
118,27,42,35.33,70.19,5.0,157.38,muskmelon,0
28,36,192,19.33,57.74,5.52,290.51,cotton,2
74,78,75,17.81,96.78,7.03,253.03,cotton,1
115,14,52,33.76,74.09,6.23,99.69,muskmelon,4
31,58,22,15.14,92.62,7.97,121.74,pomegranate,3
129,56,148,11.43,78.38,4.78,150.06,watermelon,1
83,118,187,27.69,78.84,3.56,294.1,pomegranate,1
21,18,43,38.4,26.4,8.16,68.27,orange,4
26,114,200,11.75,48.76,8.43,120.1,jute,2
80,57,191,37.3,88.67,3.86,224.24,watermelon,1
125,83,93,38.03,38.61,7.17,289.9,maize,4
91,26,66,25.84,29.24,5.77,63.59,apple,0
20,34,145,10.12,46.09,8.26,83.67,grapes,2
46,8,113,14.46,37.64,8.75,83.19,lentil,2
100,63,85,34.17,94.02,8.61,25.86,mungbean,1
83,12,138,34.34,89.44,8.16,189.15,apple,1
5,16,81,41.24,59.97,5.11,207.8,pomegranate,3
130,123,192,29.56,24.91,8.37,188.71,coffee,2
0,38,94,12.59,77.16,6.7,39.97,lentil,3
57,86,18,12.49,69.87,3.82,39.38,coffee,3
123,102,99,34.68,97.64,6.24,78.91,mungbean,1
14,131,58,14.8,64.72,9.15,101.28,apple,2
63,79,136,20.15,46.91,8.83,240.23,lentil,2
24,109,43,26.03,61.52,4.11,64.63,orange,3
23,53,76,8.92,98.34,7.96,32.35,cotton,3
11,83,29,17.21,75.71,8.33,130.32,mungbean,3
17,97,81,23.09,73.76,5.13,136.59,banana,3
14,22,164,18.35,39.25,6.33,146.25,blackgram,2
26,100,191,13.05,79.49,7.77,251.53,mungbean,2
71,42,195,34.94,80.02,6.13,47.44,coconut,1
59,91,170,38.09,45.38,4.18,217.1,cotton,0
92,92,124,17.53,58.7,7.74,114.62,mango,2
52,54,57,36.65,43.57,8.97,106.79,mungbean,4
7,12,199,22.27,40.7,7.41,281.11,blackgram,2
78,138,160,26.75,22.07,8.14,89.57,mungbean,2
26,73,135,39.67,42.82,5.65,199.91,mothbeans,0
49,125,154,35.75,64.32,4.6,97.04,lentil,0
130,68,100,37.79,20.13,7.36,162.0,grapes,4
92,143,170,13.06,42.66,5.47,240.16,mungbean,2
23,125,204,10.58,90.51,8.66,266.88,blackgram,2
59,69,76,41.06,67.49,4.24,254.84,coffee,0
121,111,66,22.35,68.63,6.1,183.01,orange,0
130,141,189,18.65,52.27,5.88,89.67,orange,2
45,104,10,34.81,74.12,9.13,205.15,apple,4
14,86,36,38.95,35.19,4.42,218.77,coffee,0
16,55,103,39.91,85.5,3.56,22.99,maize,3
125,145,142,19.69,29.34,4.93,142.98,blackgram,0
83,87,135,39.53,72.48,8.42,256.11,orange,1
8,116,191,9.51,47.29,4.76,157.08,grapes,2
62,60,80,9.84,79.8,4.95,107.19,papaya,3
116,64,181,31.07,63.98,4.28,264.1,coffee,0
129,124,63,10.33,56.19,7.79,63.65,pomegranate,4
87,142,35,20.01,33.55,3.92,77.8,maize,0
71,27,97,32.89,70.95,5.49,212.46,maize,1
138,17,73,20.48,97.98,5.19,118.68,watermelon,1
63,105,194,14.65,86.05,6.83,219.64,apple,1
71,28,56,18.41,24.8,7.88,64.16,mungbean,4
20,112,93,24.93,50.1,6.7,90.64,jute,2
17,15,131,25.59,94.05,9.09,63.86,jute,1
63,21,173,36.97,60.24,9.21,286.81,mango,1
81,29,35,35.76,72.97,5.67,133.51,watermelon,3
109,98,88,24.9,93.01,8.17,114.42,kidneybeans,1
94,25,131,39.29,89.9,7.93,23.98,kidneybeans,1
31,88,154,12.23,60.15,8.86,62.96,papaya,2
10,144,136,17.45,55.01,6.19,137.92,chickpea,2
44,41,17,38.64,47.18,6.68,39.18,rice,4
32,46,49,21.99,77.52,5.99,163.01,orange,3
101,105,131,44.3,42.96,8.6,147.4,mungbean,4
135,52,174,25.25,39.99,4.88,234.81,apple,0
10,107,118,37.3,48.5,4.94,204.74,pigeonpeas,0
87,32,181,22.89,34.18,5.74,144.87,coconut,2
40,45,24,23.72,75.61,4.88,82.9,mungbean,3
75,103,85,22.17,69.3,6.87,223.52,watermelon,1
120,51,186,34.61,58.63,4.31,218.2,maize,0
45,109,168,28.26,51.23,5.42,62.92,chickpea,2
79,128,133,42.92,92.73,8.98,276.13,orange,1
53,17,147,17.28,22.33,5.96,38.03,apple,2
85,145,21,11.72,81.53,7.99,35.41,blackgram,3
91,104,156,22.55,92.15,4.18,72.46,papaya,1
96,35,62,30.82,55.71,4.99,274.65,muskmelon,0
1,134,76,39.85,64.06,8.34,165.6,mungbean,4
32,20,113,20.81,95.56,8.08,240.62,lentil,1
76,141,27,32.19,36.98,5.82,83.8,mothbeans,0
115,77,178,20.96,61.61,9.23,157.26,papaya,1
102,58,76,30.84,57.98,8.96,120.32,papaya,4
102,104,12,40.74,40.67,9.27,251.79,watermelon,4
89,113,63,16.56,85.49,6.07,26.33,watermelon,3
121,91,115,22.96,91.97,4.68,88.28,watermelon,1
105,141,191,44.75,82.55,7.26,62.72,kidneybeans,1
118,12,17,40.14,35.63,7.61,260.57,kidneybeans,4
48,11,171,28.89,26.94,4.25,150.91,muskmelon,0
103,40,160,27.12,68.44,8.22,133.18,muskmelon,1
60,22,193,18.53,24.57,3.61,145.86,papaya,0
122,7,20,27.14,73.83,6.4,292.14,watermelon,4
133,32,123,39.38,62.43,5.49,258.07,rice,0
8,74,6,33.35,73.02,7.94,217.78,pomegranate,4
5,32,149,18.73,67.21,5.38,101.33,cotton,3
72,58,34,15.45,53.82,8.46,66.25,pomegranate,4
102,69,107,17.81,36.07,7.07,278.0,pomegranate,2
40,104,17,14.28,44.46,8.26,138.46,maize,4
113,25,100,11.54,61.96,9.44,98.05,blackgram,4
7,17,98,23.51,72.15,7.57,151.86,rice,3
71,61,86,12.19,82.36,9.41,277.0,rice,1
91,53,17,14.36,81.37,3.67,128.38,kidneybeans,3
61,122,175,28.25,97.82,5.53,177.54,mungbean,1
83,58,98,14.09,42.87,4.15,244.83,lentil,0
61,142,153,10.36,25.69,5.07,139.6,apple,2
110,57,116,19.74,47.65,8.53,85.39,pigeonpeas,4
126,48,59,16.15,79.46,3.69,298.47,maize,3
6,51,85,27.07,55.05,6.62,287.84,banana,3
83,57,172,11.79,85.42,6.9,256.17,papaya,1
131,78,120,35.82,63.95,6.87,212.74,coconut,1
133,50,147,41.53,94.38,6.35,102.56,grapes,1
57,17,205,35.51,95.83,8.24,275.76,banana,1
21,106,184,27.71,25.54,4.3,97.16,cotton,2
126,28,112,39.84,56.51,5.36,244.23,coconut,0
2,6,57,33.71,68.78,7.19,277.11,orange,3
126,85,132,8.39,40.47,7.65,188.84,pigeonpeas,2
40,104,184,22.58,52.57,5.92,244.86,grapes,2
105,142,162,39.49,74.21,8.75,241.67,cotton,1
13,135,165,20.8,38.14,5.99,74.08,rice,2
11,115,61,9.3,68.16,5.92,207.02,pomegranate,3
86,106,56,35.61,75.8,3.72,46.17,blackgram,0
11,21,141,37.68,27.24,6.81,162.2,blackgram,2
140,16,186,13.94,59.8,7.75,65.43,coconut,1
24,120,115,27.88,41.05,4.19,136.58,mothbeans,0
44,28,5,15.1,77.95,5.33,253.23,mango,3
121,33,48,34.61,35.16,8.19,296.41,mungbean,4
54,126,79,18.05,91.38,5.7,109.03,apple,3
99,94,102,19.7,54.48,4.95,168.95,lentil,0
135,69,13,39.26,35.84,7.53,163.16,jute,4
118,88,36,25.62,55.04,4.68,287.23,coffee,0
52,123,19,32.78,52.7,8.87,154.0,pomegranate,4
31,20,144,22.89,54.31,4.13,215.75,pomegranate,3
50,108,189,19.03,66.84,7.74,278.1,pomegranate,2
43,96,140,31.14,61.69,6.5,124.55,cotton,2
81,31,76,13.73,31.98,8.72,272.59,apple,4
36,138,159,21.8,25.25,4.26,276.89,rice,2
95,139,194,15.73,78.35,7.57,280.59,orange,1
55,37,16,33.74,64.78,6.93,95.72,jute,4
104,59,69,42.94,48.72,6.38,132.1,watermelon,0
58,11,111,44.83,84.67,6.45,263.71,coconut,1
130,61,46,24.66,51.04,7.83,120.57,jute,4
34,130,194,17.34,83.68,9.13,188.07,jute,2
92,16,119,24.38,44.46,4.05,53.06,orange,0
96,20,143,39.35,25.83,3.62,35.76,watermelon,0
134,47,107,15.62,94.61,8.33,135.36,blackgram,1
75,121,175,43.23,51.56,4.15,182.1,jute,0
48,139,99,20.65,83.42,9.42,129.96,jute,1
93,115,21,44.47,42.33,7.22,181.77,lentil,4
23,55,164,39.03,71.71,7.41,164.22,blackgram,1
36,79,89,37.92,89.86,4.69,212.0,grapes,3
3,12,172,19.76,23.33,4.94,201.87,orange,2
107,49,155,8.32,86.45,7.46,138.79,coconut,1
125,63,60,22.14,65.71,8.96,139.0,mungbean,4
19,136,138,19.17,68.6,9.39,59.42,orange,2
49,108,90,9.38,61.85,4.69,163.71,rice,3
95,102,182,26.7,89.96,4.3,184.41,pigeonpeas,1
104,83,106,22.91,23.47,3.84,153.42,mothbeans,0
116,128,169,31.48,40.88,8.71,111.2,maize,2
97,8,196,30.98,90.06,5.27,222.06,apple,1
65,94,58,12.47,80.19,3.51,40.91,coffee,3
78,108,204,44.15,21.41,4.84,276.04,pigeonpeas,0
5,141,181,14.92,61.36,5.54,25.78,pigeonpeas,2
38,123,119,24.48,62.37,9.45,289.46,mango,2
114,137,143,26.06,52.07,6.64,149.46,chickpea,2
124,60,92,38.08,43.79,4.73,135.55,apple,0
11,100,53,11.67,74.54,5.51,91.8,mothbeans,3
130,79,153,23.86,36.62,5.48,22.82,muskmelon,0
17,36,119,31.25,83.92,3.62,96.94,muskmelon,3
39,32,198,15.96,84.24,4.31,50.63,apple,3
20,26,67,31.22,53.22,7.67,204.75,cotton,4
98,21,108,42.18,42.68,4.22,109.34,grapes,0
25,63,87,44.91,42.71,4.88,234.81,mango,0
7,94,107,9.2,58.58,5.6,77.94,pomegranate,3
99,110,160,16.72,77.57,8.05,272.07,watermelon,1
86,30,21,19.48,48.71,6.99,166.43,maize,4
41,29,10,22.77,68.8,7.63,52.06,chickpea,3
13,142,151,16.96,50.6,6.9,132.24,lentil,2
77,49,188,15.53,44.36,7.6,77.89,banana,2
1,87,32,43.32,21.99,3.52,75.91,banana,0
118,15,198,41.99,20.31,9.09,161.78,coffee,4
36,108,42,9.74,38.18,4.17,208.13,pomegranate,3
68,72,123,20.54,52.51,5.94,275.25,watermelon,2
